match_id,season_id,balls_per_over,city,match_date,event_name,match_number,gender,match_type,format,overs,season,team_type,venue,toss_winner,team1,team2,toss_decision,match_winner,win_by_runs,win_by_wickets,player_of_match,result,stage,season_year,win_margin_type
335982,2008,6,Bangalore,2008-04-18,Indian Premier League,1.0,male,T20,T20,20,2008,club,M Chinnaswamy Stadium,Royal Challengers Bangalore,Royal Challengers Bangalore,Kolkata Knight Riders,field,Kolkata Knight Riders,140.0,,46.0,win,League,2008,Runs
1082591,2017,6,Hyderabad,2017-04-05,Indian Premier League,1.0,male,T20,T20,20,2017,club,"Rajiv Gandhi International Stadium, Uppal",Royal Challengers Bangalore,Sunrisers Hyderabad,Royal Challengers Bangalore,field,Sunrisers Hyderabad,35.0,,15.0,win,League,2017,Runs
1082592,2017,6,Pune,2017-04-06,Indian Premier League,2.0,male,T20,T20,20,2017,club,Maharashtra Cricket Association Stadium,Rising Pune Supergiant,Rising Pune Supergiant,Mumbai Indians,field,Rising Pune Supergiant,,7.0,36.0,win,League,2017,Wickets
1082593,2017,6,Rajkot,2017-04-07,Indian Premier League,3.0,male,T20,T20,20,2017,club,Saurashtra Cricket Association Stadium,Kolkata Knight Riders,Gujarat Lions,Kolkata Knight Riders,field,Kolkata Knight Riders,,10.0,57.0,win,League,2017,Wickets
1082594,2017,6,Indore,2017-04-08,Indian Premier League,4.0,male,T20,T20,20,2017,club,Holkar Cricket Stadium,Punjab Kings,Punjab Kings,Rising Pune Supergiant,field,Punjab Kings,,6.0,71.0,win,League,2017,Wickets
1082595,2017,6,Bengaluru,2017-04-08,Indian Premier League,5.0,male,T20,T20,20,2017,club,M.Chinnaswamy Stadium,Royal Challengers Bangalore,Royal Challengers Bangalore,Delhi Capitals,bat,Royal Challengers Bangalore,15.0,,4.0,win,League,2017,Runs
1082596,2017,6,Hyderabad,2017-04-09,Indian Premier League,6.0,male,T20,T20,20,2017,club,"Rajiv Gandhi International Stadium, Uppal",Sunrisers Hyderabad,Sunrisers Hyderabad,Gujarat Lions,field,Sunrisers Hyderabad,,9.0,22.0,win,League,2017,Wickets
1082597,2017,6,Mumbai,2017-04-09,Indian Premier League,7.0,male,T20,T20,20,2017,club,Wankhede Stadium,Mumbai Indians,Mumbai Indians,Kolkata Knight Riders,field,Mumbai Indians,,4.0,26.0,win,League,2017,Wickets
1082598,2017,6,Indore,2017-04-10,Indian Premier League,8.0,male,T20,T20,20,2017,club,Holkar Cricket Stadium,Royal Challengers Bangalore,Punjab Kings,Royal Challengers Bangalore,bat,Punjab Kings,,8.0,70.0,win,League,2017,Wickets
1082599,2017,6,Pune,2017-04-11,Indian Premier League,9.0,male,T20,T20,20,2017,club,Maharashtra Cricket Association Stadium,Rising Pune Supergiant,Rising Pune Supergiant,Delhi Capitals,field,Delhi Capitals,97.0,,180.0,win,League,2017,Runs
1082600,2017,6,Mumbai,2017-04-12,Indian Premier League,10.0,male,T20,T20,20,2017,club,Wankhede Stadium,Mumbai Indians,Mumbai Indians,Sunrisers Hyderabad,field,Mumbai Indians,,4.0,33.0,win,League,2017,Wickets
1082601,2017,6,Kolkata,2017-04-13,Indian Premier League,11.0,male,T20,T20,20,2017,club,Eden Gardens,Kolkata Knight Riders,Kolkata Knight Riders,Punjab Kings,field,Kolkata Knight Riders,,8.0,65.0,win,League,2017,Wickets
1082602,2017,6,Bangalore,2017-04-14,Indian Premier League,12.0,male,T20,T20,20,2017,club,M Chinnaswamy Stadium,Mumbai Indians,Royal Challengers Bangalore,Mumbai Indians,field,Mumbai Indians,,4.0,29.0,win,League,2017,Wickets
1082603,2017,6,Rajkot,2017-04-14,Indian Premier League,13.0,male,T20,T20,20,2017,club,Saurashtra Cricket Association Stadium,Gujarat Lions,Gujarat Lions,Rising Pune Supergiant,field,Gujarat Lions,,7.0,351.0,win,League,2017,Wickets
1082604,2017,6,Kolkata,2017-04-15,Indian Premier League,14.0,male,T20,T20,20,2017,club,Eden Gardens,Sunrisers Hyderabad,Kolkata Knight Riders,Sunrisers Hyderabad,field,Kolkata Knight Riders,17.0,,58.0,win,League,2017,Runs
1082605,2017,6,Delhi,2017-04-15,Indian Premier League,15.0,male,T20,T20,20,2017,club,Feroz Shah Kotla,Delhi Capitals,Delhi Capitals,Punjab Kings,bat,Delhi Capitals,51.0,,258.0,win,League,2017,Runs
1082606,2017,6,Mumbai,2017-04-16,Indian Premier League,16.0,male,T20,T20,20,2017,club,Wankhede Stadium,Mumbai Indians,Mumbai Indians,Gujarat Lions,field,Mumbai Indians,,6.0,26.0,win,League,2017,Wickets
1082607,2017,6,Bangalore,2017-04-16,Indian Premier League,17.0,male,T20,T20,20,2017,club,M Chinnaswamy Stadium,Royal Challengers Bangalore,Royal Challengers Bangalore,Rising Pune Supergiant,field,Rising Pune Supergiant,27.0,,37.0,win,League,2017,Runs
1082608,2017,6,Delhi,2017-04-17,Indian Premier League,18.0,male,T20,T20,20,2017,club,Feroz Shah Kotla,Delhi Capitals,Delhi Capitals,Kolkata Knight Riders,bat,Kolkata Knight Riders,,4.0,471.0,win,League,2017,Wickets
1082609,2017,6,Hyderabad,2017-04-17,Indian Premier League,19.0,male,T20,T20,20,2017,club,"Rajiv Gandhi International Stadium, Uppal",Punjab Kings,Sunrisers Hyderabad,Punjab Kings,field,Sunrisers Hyderabad,5.0,,20.0,win,League,2017,Runs
1082610,2017,6,Rajkot,2017-04-18,Indian Premier League,20.0,male,T20,T20,20,2017,club,Saurashtra Cricket Association Stadium,Gujarat Lions,Gujarat Lions,Royal Challengers Bangalore,field,Royal Challengers Bangalore,21.0,,1.0,win,League,2017,Runs
1082611,2017,6,Hyderabad,2017-04-19,Indian Premier League,21.0,male,T20,T20,20,2017,club,"Rajiv Gandhi International Stadium, Uppal",Sunrisers Hyderabad,Sunrisers Hyderabad,Delhi Capitals,bat,Sunrisers Hyderabad,15.0,,531.0,win,League,2017,Runs
1082612,2017,6,Indore,2017-04-20,Indian Premier League,22.0,male,T20,T20,20,2017,club,Holkar Cricket Stadium,Mumbai Indians,Punjab Kings,Mumbai Indians,field,Mumbai Indians,,8.0,24.0,win,League,2017,Wickets
1082613,2017,6,Kolkata,2017-04-21,Indian Premier League,23.0,male,T20,T20,20,2017,club,Eden Gardens,Gujarat Lions,Kolkata Knight Riders,Gujarat Lions,field,Gujarat Lions,,4.0,47.0,win,League,2017,Wickets
1082614,2017,6,Mumbai,2017-04-22,Indian Premier League,25.0,male,T20,T20,20,2017,club,Wankhede Stadium,Delhi Capitals,Mumbai Indians,Delhi Capitals,field,Mumbai Indians,14.0,,32.0,win,League,2017,Runs
1082615,2017,6,Pune,2017-04-22,Indian Premier League,24.0,male,T20,T20,20,2017,club,Maharashtra Cricket Association Stadium,Rising Pune Supergiant,Rising Pune Supergiant,Sunrisers Hyderabad,field,Rising Pune Supergiant,,6.0,38.0,win,League,2017,Wickets
1082616,2017,6,Rajkot,2017-04-23,Indian Premier League,26.0,male,T20,T20,20,2017,club,Saurashtra Cricket Association Stadium,Gujarat Lions,Gujarat Lions,Punjab Kings,field,Punjab Kings,26.0,,67.0,win,League,2017,Runs
1082617,2017,6,Kolkata,2017-04-23,Indian Premier League,27.0,male,T20,T20,20,2017,club,Eden Gardens,Royal Challengers Bangalore,Kolkata Knight Riders,Royal Challengers Bangalore,field,Kolkata Knight Riders,82.0,,471.0,win,League,2017,Runs
1082618,2017,6,Mumbai,2017-04-24,Indian Premier League,28.0,male,T20,T20,20,2017,club,Wankhede Stadium,Mumbai Indians,Mumbai Indians,Rising Pune Supergiant,field,Rising Pune Supergiant,3.0,,37.0,win,League,2017,Runs
1082620,2017,6,Pune,2017-04-26,Indian Premier League,30.0,male,T20,T20,20,2017,club,Maharashtra Cricket Association Stadium,Kolkata Knight Riders,Rising Pune Supergiant,Kolkata Knight Riders,field,Kolkata Knight Riders,,7.0,58.0,win,League,2017,Wickets
1082621,2017,6,Bangalore,2017-04-27,Indian Premier League,31.0,male,T20,T20,20,2017,club,M Chinnaswamy Stadium,Gujarat Lions,Royal Challengers Bangalore,Gujarat Lions,field,Gujarat Lions,,7.0,351.0,win,League,2017,Wickets
1082622,2017,6,Kolkata,2017-04-28,Indian Premier League,32.0,male,T20,T20,20,2017,club,Eden Gardens,Kolkata Knight Riders,Kolkata Knight Riders,Delhi Capitals,field,Kolkata Knight Riders,,7.0,56.0,win,League,2017,Wickets
1082623,2017,6,Chandigarh,2017-04-28,Indian Premier League,33.0,male,T20,T20,20,2017,club,"Punjab Cricket Association IS Bindra Stadium, Mohali",Punjab Kings,Punjab Kings,Sunrisers Hyderabad,field,Sunrisers Hyderabad,26.0,,22.0,win,League,2017,Runs
1082624,2017,6,Pune,2017-04-29,Indian Premier League,34.0,male,T20,T20,20,2017,club,Maharashtra Cricket Association Stadium,Royal Challengers Bangalore,Rising Pune Supergiant,Royal Challengers Bangalore,field,Rising Pune Supergiant,61.0,,361.0,win,League,2017,Runs
1082625,2017,6,Rajkot,2017-04-29,Indian Premier League,35.0,male,T20,T20,20,2017,club,Saurashtra Cricket Association Stadium,Gujarat Lions,Gujarat Lions,Mumbai Indians,bat,Mumbai Indians,,,28.0,tie,League,2017,No Result / Tie
1082626,2017,6,Chandigarh,2017-04-30,Indian Premier League,36.0,male,T20,T20,20,2017,club,"Punjab Cricket Association IS Bindra Stadium, Mohali",Punjab Kings,Punjab Kings,Delhi Capitals,field,Punjab Kings,,10.0,76.0,win,League,2017,Wickets
1082627,2017,6,Hyderabad,2017-04-30,Indian Premier League,37.0,male,T20,T20,20,2017,club,"Rajiv Gandhi International Stadium, Uppal",Kolkata Knight Riders,Sunrisers Hyderabad,Kolkata Knight Riders,field,Sunrisers Hyderabad,48.0,,12.0,win,League,2017,Runs
1082628,2017,6,Mumbai,2017-05-01,Indian Premier League,38.0,male,T20,T20,20,2017,club,Wankhede Stadium,Royal Challengers Bangalore,Mumbai Indians,Royal Challengers Bangalore,bat,Mumbai Indians,,5.0,25.0,win,League,2017,Wickets
1082629,2017,6,Pune,2017-05-01,Indian Premier League,39.0,male,T20,T20,20,2017,club,Maharashtra Cricket Association Stadium,Rising Pune Supergiant,Rising Pune Supergiant,Gujarat Lions,field,Rising Pune Supergiant,,5.0,37.0,win,League,2017,Wickets
1082630,2017,6,Delhi,2017-05-02,Indian Premier League,40.0,male,T20,T20,20,2017,club,Feroz Shah Kotla,Delhi Capitals,Delhi Capitals,Sunrisers Hyderabad,field,Delhi Capitals,,6.0,460.0,win,League,2017,Wickets
1082631,2017,6,Kolkata,2017-05-03,Indian Premier League,41.0,male,T20,T20,20,2017,club,Eden Gardens,Rising Pune Supergiant,Kolkata Knight Riders,Rising Pune Supergiant,field,Rising Pune Supergiant,,4.0,268.0,win,League,2017,Wickets
1082632,2017,6,Delhi,2017-05-04,Indian Premier League,42.0,male,T20,T20,20,2017,club,Feroz Shah Kotla,Delhi Capitals,Delhi Capitals,Gujarat Lions,field,Delhi Capitals,,7.0,181.0,win,League,2017,Wickets
1082633,2017,6,Bangalore,2017-05-05,Indian Premier League,43.0,male,T20,T20,20,2017,club,M Chinnaswamy Stadium,Royal Challengers Bangalore,Royal Challengers Bangalore,Punjab Kings,field,Punjab Kings,19.0,,76.0,win,League,2017,Runs
1082634,2017,6,Hyderabad,2017-05-06,Indian Premier League,44.0,male,T20,T20,20,2017,club,"Rajiv Gandhi International Stadium, Uppal",Sunrisers Hyderabad,Sunrisers Hyderabad,Rising Pune Supergiant,field,Rising Pune Supergiant,12.0,,438.0,win,League,2017,Runs
1082635,2017,6,Delhi,2017-05-06,Indian Premier League,45.0,male,T20,T20,20,2017,club,Feroz Shah Kotla,Delhi Capitals,Delhi Capitals,Mumbai Indians,field,Mumbai Indians,146.0,,1035.0,win,League,2017,Runs
1082636,2017,6,Bangalore,2017-05-07,Indian Premier League,46.0,male,T20,T20,20,2017,club,M Chinnaswamy Stadium,Kolkata Knight Riders,Royal Challengers Bangalore,Kolkata Knight Riders,field,Kolkata Knight Riders,,6.0,65.0,win,League,2017,Wickets
1082637,2017,6,Chandigarh,2017-05-07,Indian Premier League,47.0,male,T20,T20,20,2017,club,"Punjab Cricket Association IS Bindra Stadium, Mohali",Gujarat Lions,Punjab Kings,Gujarat Lions,field,Gujarat Lions,,6.0,50.0,win,League,2017,Wickets
1082638,2017,6,Hyderabad,2017-05-08,Indian Premier League,48.0,male,T20,T20,20,2017,club,"Rajiv Gandhi International Stadium, Uppal",Mumbai Indians,Sunrisers Hyderabad,Mumbai Indians,bat,Sunrisers Hyderabad,,7.0,13.0,win,League,2017,Wickets
1082639,2017,6,Chandigarh,2017-05-09,Indian Premier League,49.0,male,T20,T20,20,2017,club,"Punjab Cricket Association IS Bindra Stadium, Mohali",Kolkata Knight Riders,Punjab Kings,Kolkata Knight Riders,field,Punjab Kings,14.0,,75.0,win,League,2017,Runs
1082640,2017,6,Kanpur,2017-05-10,Indian Premier League,50.0,male,T20,T20,20,2017,club,Green Park,Delhi Capitals,Gujarat Lions,Delhi Capitals,field,Delhi Capitals,,2.0,389.0,win,League,2017,Wickets
1082641,2017,6,Mumbai,2017-05-11,Indian Premier League,51.0,male,T20,T20,20,2017,club,Wankhede Stadium,Mumbai Indians,Mumbai Indians,Punjab Kings,field,Punjab Kings,7.0,,69.0,win,League,2017,Runs
1082642,2017,6,Delhi,2017-05-12,Indian Premier League,52.0,male,T20,T20,20,2017,club,Feroz Shah Kotla,Delhi Capitals,Delhi Capitals,Rising Pune Supergiant,bat,Delhi Capitals,7.0,,179.0,win,League,2017,Runs
1082643,2017,6,Kanpur,2017-05-13,Indian Premier League,53.0,male,T20,T20,20,2017,club,Green Park,Sunrisers Hyderabad,Gujarat Lions,Sunrisers Hyderabad,field,Sunrisers Hyderabad,,8.0,538.0,win,League,2017,Wickets
1082644,2017,6,Kolkata,2017-05-13,Indian Premier League,54.0,male,T20,T20,20,2017,club,Eden Gardens,Kolkata Knight Riders,Kolkata Knight Riders,Mumbai Indians,field,Mumbai Indians,9.0,,27.0,win,League,2017,Runs
1082645,2017,6,Pune,2017-05-14,Indian Premier League,55.0,male,T20,T20,20,2017,club,Maharashtra Cricket Association Stadium,Rising Pune Supergiant,Rising Pune Supergiant,Punjab Kings,field,Rising Pune Supergiant,,9.0,438.0,win,League,2017,Wickets
1082646,2017,6,Delhi,2017-05-14,Indian Premier League,56.0,male,T20,T20,20,2017,club,Feroz Shah Kotla,Royal Challengers Bangalore,Delhi Capitals,Royal Challengers Bangalore,bat,Royal Challengers Bangalore,10.0,,1285.0,win,League,2017,Runs
1082647,2017,6,Mumbai,2017-05-16,Indian Premier League,,male,T20,T20,20,2017,club,Wankhede Stadium,Mumbai Indians,Mumbai Indians,Rising Pune Supergiant,field,Rising Pune Supergiant,20.0,,613.0,win,League,2017,Runs
1082648,2017,6,Bangalore,2017-05-17,Indian Premier League,,male,T20,T20,20,2017,club,M Chinnaswamy Stadium,Kolkata Knight Riders,Sunrisers Hyderabad,Kolkata Knight Riders,field,Kolkata Knight Riders,,7.0,471.0,win,League,2017,Wickets
1082649,2017,6,Bangalore,2017-05-19,Indian Premier League,,male,T20,T20,20,2017,club,M Chinnaswamy Stadium,Mumbai Indians,Mumbai Indians,Kolkata Knight Riders,field,Mumbai Indians,,6.0,676.0,win,League,2017,Wickets
1082650,2017,6,Hyderabad,2017-05-21,Indian Premier League,,male,T20,T20,20,2017,club,"Rajiv Gandhi International Stadium, Uppal",Mumbai Indians,Mumbai Indians,Rising Pune Supergiant,bat,Mumbai Indians,1.0,,28.0,win,League,2017,Runs
1136561,2018,6,Mumbai,2018-04-07,Indian Premier League,1.0,male,T20,T20,20,2018,club,Wankhede Stadium,Chennai Super Kings,Mumbai Indians,Chennai Super Kings,field,Chennai Super Kings,,1.0,1393.0,win,League,2018,Wickets
1136562,2018,6,Chandigarh,2018-04-08,Indian Premier League,2.0,male,T20,T20,20,2018,club,Punjab Cricket Association IS Bindra Stadium,Punjab Kings,Delhi Capitals,Punjab Kings,field,Punjab Kings,,6.0,1409.0,win,League,2018,Wickets
1136563,2018,6,Kolkata,2018-04-08,Indian Premier League,3.0,male,T20,T20,20,2018,club,Eden Gardens,Kolkata Knight Riders,Royal Challengers Bangalore,Kolkata Knight Riders,field,Kolkata Knight Riders,,4.0,65.0,win,League,2018,Wickets
1136564,2018,6,Hyderabad,2018-04-09,Indian Premier League,4.0,male,T20,T20,20,2018,club,Rajiv Gandhi International Stadium,Sunrisers Hyderabad,Rajasthan Royals,Sunrisers Hyderabad,field,Sunrisers Hyderabad,,9.0,13.0,win,League,2018,Wickets
1136565,2018,6,Chennai,2018-04-10,Indian Premier League,5.0,male,T20,T20,20,2018,club,MA Chidambaram Stadium,Chennai Super Kings,Kolkata Knight Riders,Chennai Super Kings,field,Chennai Super Kings,,5.0,178.0,win,League,2018,Wickets
1136566,2018,6,Jaipur,2018-04-11,Indian Premier League,6.0,male,T20,T20,20,2018,club,Sawai Mansingh Stadium,Delhi Capitals,Rajasthan Royals,Delhi Capitals,field,Rajasthan Royals,10.0,,180.0,win,League,2018,Runs
1136567,2018,6,Hyderabad,2018-04-12,Indian Premier League,7.0,male,T20,T20,20,2018,club,Rajiv Gandhi International Stadium,Sunrisers Hyderabad,Mumbai Indians,Sunrisers Hyderabad,field,Sunrisers Hyderabad,,1.0,22.0,win,League,2018,Wickets
1136568,2018,6,Bengaluru,2018-04-13,Indian Premier League,8.0,male,T20,T20,20,2018,club,M.Chinnaswamy Stadium,Royal Challengers Bangalore,Punjab Kings,Royal Challengers Bangalore,field,Royal Challengers Bangalore,,4.0,318.0,win,League,2018,Wickets
1136569,2018,6,Mumbai,2018-04-14,Indian Premier League,9.0,male,T20,T20,20,2018,club,Wankhede Stadium,Delhi Capitals,Mumbai Indians,Delhi Capitals,field,Delhi Capitals,,7.0,45.0,win,League,2018,Wickets
1136570,2018,6,Kolkata,2018-04-14,Indian Premier League,10.0,male,T20,T20,20,2018,club,Eden Gardens,Sunrisers Hyderabad,Kolkata Knight Riders,Sunrisers Hyderabad,field,Sunrisers Hyderabad,,5.0,176.0,win,League,2018,Wickets
1136571,2018,6,Bengaluru,2018-04-15,Indian Premier League,11.0,male,T20,T20,20,2018,club,M.Chinnaswamy Stadium,Royal Challengers Bangalore,Rajasthan Royals,Royal Challengers Bangalore,field,Rajasthan Royals,19.0,,180.0,win,League,2018,Runs
1136572,2018,6,Chandigarh,2018-04-15,Indian Premier League,12.0,male,T20,T20,20,2018,club,Punjab Cricket Association IS Bindra Stadium,Chennai Super Kings,Punjab Kings,Chennai Super Kings,field,Punjab Kings,4.0,,1.0,win,League,2018,Runs
1136573,2018,6,Kolkata,2018-04-16,Indian Premier League,13.0,male,T20,T20,20,2018,club,Eden Gardens,Delhi Capitals,Kolkata Knight Riders,Delhi Capitals,field,Kolkata Knight Riders,71.0,,26.0,win,League,2018,Runs
1136574,2018,6,Mumbai,2018-04-17,Indian Premier League,14.0,male,T20,T20,20,2018,club,Wankhede Stadium,Royal Challengers Bangalore,Mumbai Indians,Royal Challengers Bangalore,field,Mumbai Indians,46.0,,25.0,win,League,2018,Runs
1136575,2018,6,Jaipur,2018-04-18,Indian Premier League,15.0,male,T20,T20,20,2018,club,Sawai Mansingh Stadium,Kolkata Knight Riders,Rajasthan Royals,Kolkata Knight Riders,field,Kolkata Knight Riders,,7.0,26.0,win,League,2018,Wickets
1136576,2018,6,Chandigarh,2018-04-19,Indian Premier League,16.0,male,T20,T20,20,2018,club,Punjab Cricket Association IS Bindra Stadium,Punjab Kings,Punjab Kings,Sunrisers Hyderabad,bat,Punjab Kings,15.0,,1.0,win,League,2018,Runs
1136577,2018,6,Pune,2018-04-20,Indian Premier League,17.0,male,T20,T20,20,2018,club,Maharashtra Cricket Association Stadium,Rajasthan Royals,Chennai Super Kings,Rajasthan Royals,field,Chennai Super Kings,64.0,,5.0,win,League,2018,Runs
1136578,2018,6,Kolkata,2018-04-21,Indian Premier League,18.0,male,T20,T20,20,2018,club,Eden Gardens,Punjab Kings,Kolkata Knight Riders,Punjab Kings,field,Punjab Kings,,9.0,1409.0,win,League,2018,Wickets
1136579,2018,6,Bengaluru,2018-04-21,Indian Premier League,19.0,male,T20,T20,20,2018,club,M.Chinnaswamy Stadium,Royal Challengers Bangalore,Delhi Capitals,Royal Challengers Bangalore,field,Royal Challengers Bangalore,,6.0,245.0,win,League,2018,Wickets
1136580,2018,6,Hyderabad,2018-04-22,Indian Premier League,20.0,male,T20,T20,20,2018,club,Rajiv Gandhi International Stadium,Sunrisers Hyderabad,Chennai Super Kings,Sunrisers Hyderabad,field,Chennai Super Kings,4.0,,27.0,win,League,2018,Runs
1136581,2018,6,Jaipur,2018-04-22,Indian Premier League,21.0,male,T20,T20,20,2018,club,Sawai Mansingh Stadium,Mumbai Indians,Mumbai Indians,Rajasthan Royals,bat,Rajasthan Royals,,3.0,1833.0,win,League,2018,Wickets
1136582,2018,6,Delhi,2018-04-23,Indian Premier League,22.0,male,T20,T20,20,2018,club,Arun Jaitley Stadium,Delhi Capitals,Punjab Kings,Delhi Capitals,field,Punjab Kings,4.0,,219.0,win,League,2018,Runs
1136583,2018,6,Mumbai,2018-04-24,Indian Premier League,23.0,male,T20,T20,20,2018,club,Wankhede Stadium,Mumbai Indians,Sunrisers Hyderabad,Mumbai Indians,field,Sunrisers Hyderabad,31.0,,22.0,win,League,2018,Runs
1136584,2018,6,Bengaluru,2018-04-25,Indian Premier League,24.0,male,T20,T20,20,2018,club,M.Chinnaswamy Stadium,Chennai Super Kings,Royal Challengers Bangalore,Chennai Super Kings,field,Chennai Super Kings,,5.0,38.0,win,League,2018,Wickets
1136585,2018,6,Hyderabad,2018-04-26,Indian Premier League,25.0,male,T20,T20,20,2018,club,Rajiv Gandhi International Stadium,Punjab Kings,Sunrisers Hyderabad,Punjab Kings,field,Sunrisers Hyderabad,13.0,,219.0,win,League,2018,Runs
1136586,2018,6,Delhi,2018-04-27,Indian Premier League,26.0,male,T20,T20,20,2018,club,Arun Jaitley Stadium,Kolkata Knight Riders,Delhi Capitals,Kolkata Knight Riders,field,Delhi Capitals,55.0,,389.0,win,League,2018,Runs
1136587,2018,6,Pune,2018-04-28,Indian Premier League,27.0,male,T20,T20,20,2018,club,Maharashtra Cricket Association Stadium,Mumbai Indians,Chennai Super Kings,Mumbai Indians,field,Mumbai Indians,,8.0,25.0,win,League,2018,Wickets
1136588,2018,6,Jaipur,2018-04-29,Indian Premier League,28.0,male,T20,T20,20,2018,club,Sawai Mansingh Stadium,Sunrisers Hyderabad,Sunrisers Hyderabad,Rajasthan Royals,bat,Sunrisers Hyderabad,11.0,,531.0,win,League,2018,Runs
1136589,2018,6,Bengaluru,2018-04-29,Indian Premier League,29.0,male,T20,T20,20,2018,club,M.Chinnaswamy Stadium,Kolkata Knight Riders,Royal Challengers Bangalore,Kolkata Knight Riders,field,Kolkata Knight Riders,,6.0,57.0,win,League,2018,Wickets
1136590,2018,6,Pune,2018-04-30,Indian Premier League,30.0,male,T20,T20,20,2018,club,Maharashtra Cricket Association Stadium,Delhi Capitals,Chennai Super Kings,Delhi Capitals,field,Chennai Super Kings,13.0,,5.0,win,League,2018,Runs
1136591,2018,6,Bengaluru,2018-05-01,Indian Premier League,31.0,male,T20,T20,20,2018,club,M.Chinnaswamy Stadium,Mumbai Indians,Royal Challengers Bangalore,Mumbai Indians,field,Royal Challengers Bangalore,14.0,,31.0,win,League,2018,Runs
1136592,2018,6,Delhi,2018-05-02,Indian Premier League,32.0,male,T20,T20,20,2018,club,Arun Jaitley Stadium,Rajasthan Royals,Delhi Capitals,Rajasthan Royals,field,Delhi Capitals,4.0,,181.0,win,League,2018,Runs
1136593,2018,6,Kolkata,2018-05-03,Indian Premier League,33.0,male,T20,T20,20,2018,club,Eden Gardens,Kolkata Knight Riders,Chennai Super Kings,Kolkata Knight Riders,field,Kolkata Knight Riders,,6.0,65.0,win,League,2018,Wickets
1136594,2018,6,Indore,2018-05-04,Indian Premier League,34.0,male,T20,T20,20,2018,club,Holkar Cricket Stadium,Mumbai Indians,Punjab Kings,Mumbai Indians,field,Mumbai Indians,,6.0,61.0,win,League,2018,Wickets
1136595,2018,6,Pune,2018-05-05,Indian Premier League,35.0,male,T20,T20,20,2018,club,Maharashtra Cricket Association Stadium,Chennai Super Kings,Royal Challengers Bangalore,Chennai Super Kings,field,Chennai Super Kings,,6.0,348.0,win,League,2018,Wickets
1136596,2018,6,Hyderabad,2018-05-05,Indian Premier League,36.0,male,T20,T20,20,2018,club,Rajiv Gandhi International Stadium,Delhi Capitals,Delhi Capitals,Sunrisers Hyderabad,bat,Sunrisers Hyderabad,,7.0,22.0,win,League,2018,Wickets
1136597,2018,6,Mumbai,2018-05-06,Indian Premier League,37.0,male,T20,T20,20,2018,club,Wankhede Stadium,Kolkata Knight Riders,Mumbai Indians,Kolkata Knight Riders,field,Mumbai Indians,13.0,,30.0,win,League,2018,Runs
1136598,2018,6,Indore,2018-05-06,Indian Premier League,38.0,male,T20,T20,20,2018,club,Holkar Cricket Stadium,Punjab Kings,Rajasthan Royals,Punjab Kings,field,Punjab Kings,,6.0,1419.0,win,League,2018,Wickets
1136599,2018,6,Hyderabad,2018-05-07,Indian Premier League,39.0,male,T20,T20,20,2018,club,Rajiv Gandhi International Stadium,Royal Challengers Bangalore,Sunrisers Hyderabad,Royal Challengers Bangalore,field,Sunrisers Hyderabad,5.0,,531.0,win,League,2018,Runs
1136600,2018,6,Jaipur,2018-05-08,Indian Premier League,40.0,male,T20,T20,20,2018,club,Sawai Mansingh Stadium,Rajasthan Royals,Rajasthan Royals,Punjab Kings,bat,Rajasthan Royals,15.0,,24.0,win,League,2018,Runs
1136601,2018,6,Kolkata,2018-05-09,Indian Premier League,41.0,male,T20,T20,20,2018,club,Eden Gardens,Kolkata Knight Riders,Mumbai Indians,Kolkata Knight Riders,field,Mumbai Indians,102.0,,347.0,win,League,2018,Runs
1136602,2018,6,Delhi,2018-05-10,Indian Premier League,42.0,male,T20,T20,20,2018,club,Arun Jaitley Stadium,Delhi Capitals,Delhi Capitals,Sunrisers Hyderabad,bat,Sunrisers Hyderabad,,9.0,13.0,win,League,2018,Wickets
1136603,2018,6,Jaipur,2018-05-11,Indian Premier League,43.0,male,T20,T20,20,2018,club,Sawai Mansingh Stadium,Chennai Super Kings,Chennai Super Kings,Rajasthan Royals,bat,Rajasthan Royals,,4.0,24.0,win,League,2018,Wickets
1136604,2018,6,Indore,2018-05-12,Indian Premier League,44.0,male,T20,T20,20,2018,club,Holkar Cricket Stadium,Punjab Kings,Kolkata Knight Riders,Punjab Kings,field,Kolkata Knight Riders,31.0,,65.0,win,League,2018,Runs
1136605,2018,6,Delhi,2018-05-12,Indian Premier League,45.0,male,T20,T20,20,2018,club,Arun Jaitley Stadium,Royal Challengers Bangalore,Delhi Capitals,Royal Challengers Bangalore,field,Royal Challengers Bangalore,,5.0,245.0,win,League,2018,Wickets
1136606,2018,6,Pune,2018-05-13,Indian Premier League,46.0,male,T20,T20,20,2018,club,Maharashtra Cricket Association Stadium,Chennai Super Kings,Sunrisers Hyderabad,Chennai Super Kings,field,Chennai Super Kings,,8.0,27.0,win,League,2018,Wickets
1136607,2018,6,Mumbai,2018-05-13,Indian Premier League,47.0,male,T20,T20,20,2018,club,Wankhede Stadium,Rajasthan Royals,Mumbai Indians,Rajasthan Royals,field,Rajasthan Royals,,7.0,24.0,win,League,2018,Wickets
1136608,2018,6,Indore,2018-05-14,Indian Premier League,48.0,male,T20,T20,20,2018,club,Holkar Cricket Stadium,Royal Challengers Bangalore,Punjab Kings,Royal Challengers Bangalore,field,Royal Challengers Bangalore,,10.0,318.0,win,League,2018,Wickets
1136609,2018,6,Kolkata,2018-05-15,Indian Premier League,49.0,male,T20,T20,20,2018,club,Eden Gardens,Kolkata Knight Riders,Rajasthan Royals,Kolkata Knight Riders,field,Kolkata Knight Riders,,6.0,64.0,win,League,2018,Wickets
1136610,2018,6,Mumbai,2018-05-16,Indian Premier League,50.0,male,T20,T20,20,2018,club,Wankhede Stadium,Punjab Kings,Mumbai Indians,Punjab Kings,field,Mumbai Indians,3.0,,33.0,win,League,2018,Runs
1136611,2018,6,Bengaluru,2018-05-17,Indian Premier League,51.0,male,T20,T20,20,2018,club,M.Chinnaswamy Stadium,Sunrisers Hyderabad,Royal Challengers Bangalore,Sunrisers Hyderabad,field,Royal Challengers Bangalore,14.0,,245.0,win,League,2018,Runs
1136612,2018,6,Delhi,2018-05-18,Indian Premier League,52.0,male,T20,T20,20,2018,club,Arun Jaitley Stadium,Chennai Super Kings,Delhi Capitals,Chennai Super Kings,field,Delhi Capitals,34.0,,1285.0,win,League,2018,Runs
1136613,2018,6,Jaipur,2018-05-19,Indian Premier League,53.0,male,T20,T20,20,2018,club,Sawai Mansingh Stadium,Rajasthan Royals,Rajasthan Royals,Royal Challengers Bangalore,bat,Rajasthan Royals,30.0,,1449.0,win,League,2018,Runs
1136614,2018,6,Hyderabad,2018-05-19,Indian Premier League,54.0,male,T20,T20,20,2018,club,Rajiv Gandhi International Stadium,Sunrisers Hyderabad,Sunrisers Hyderabad,Kolkata Knight Riders,bat,Kolkata Knight Riders,,5.0,57.0,win,League,2018,Wickets
1136615,2018,6,Delhi,2018-05-20,Indian Premier League,55.0,male,T20,T20,20,2018,club,Arun Jaitley Stadium,Delhi Capitals,Delhi Capitals,Mumbai Indians,bat,Delhi Capitals,11.0,,185.0,win,League,2018,Runs
1136616,2018,6,Pune,2018-05-20,Indian Premier League,56.0,male,T20,T20,20,2018,club,Maharashtra Cricket Association Stadium,Chennai Super Kings,Punjab Kings,Chennai Super Kings,field,Chennai Super Kings,,5.0,2024.0,win,League,2018,Wickets
1136617,2018,6,Mumbai,2018-05-22,Indian Premier League,,male,T20,T20,20,2018,club,Wankhede Stadium,Chennai Super Kings,Sunrisers Hyderabad,Chennai Super Kings,field,Chennai Super Kings,,2.0,267.0,win,League,2018,Wickets
1136618,2018,6,Kolkata,2018-05-23,Indian Premier League,,male,T20,T20,20,2018,club,Eden Gardens,Rajasthan Royals,Kolkata Knight Riders,Rajasthan Royals,field,Kolkata Knight Riders,25.0,,1437.0,win,League,2018,Runs
1136619,2018,6,Kolkata,2018-05-25,Indian Premier League,,male,T20,T20,20,2018,club,Eden Gardens,Kolkata Knight Riders,Sunrisers Hyderabad,Kolkata Knight Riders,field,Sunrisers Hyderabad,14.0,,22.0,win,League,2018,Runs
1136620,2018,6,Mumbai,2018-05-27,Indian Premier League,,male,T20,T20,20,2018,club,Wankhede Stadium,Chennai Super Kings,Sunrisers Hyderabad,Chennai Super Kings,field,Chennai Super Kings,,8.0,5.0,win,League,2018,Wickets
1175356,2019,6,Chennai,2019-03-23,Indian Premier League,1.0,male,T20,T20,20,2019,club,MA Chidambaram Stadium,Chennai Super Kings,Royal Challengers Bangalore,Chennai Super Kings,field,Chennai Super Kings,,7.0,228.0,win,League,2019,Wickets
1175357,2019,6,Kolkata,2019-03-24,Indian Premier League,2.0,male,T20,T20,20,2019,club,Eden Gardens,Kolkata Knight Riders,Sunrisers Hyderabad,Kolkata Knight Riders,field,Kolkata Knight Riders,,6.0,1437.0,win,League,2019,Wickets
1175358,2019,6,Mumbai,2019-03-24,Indian Premier League,3.0,male,T20,T20,20,2019,club,Wankhede Stadium,Mumbai Indians,Delhi Capitals,Mumbai Indians,field,Delhi Capitals,37.0,,181.0,win,League,2019,Runs
1175359,2019,6,Jaipur,2019-03-25,Indian Premier League,4.0,male,T20,T20,20,2019,club,Sawai Mansingh Stadium,Rajasthan Royals,Punjab Kings,Rajasthan Royals,field,Punjab Kings,14.0,,1.0,win,League,2019,Runs
1175360,2019,6,Delhi,2019-03-26,Indian Premier League,5.0,male,T20,T20,20,2019,club,Arun Jaitley Stadium,Delhi Capitals,Delhi Capitals,Chennai Super Kings,bat,Chennai Super Kings,,6.0,5.0,win,League,2019,Wickets
1175361,2019,6,Kolkata,2019-03-27,Indian Premier League,6.0,male,T20,T20,20,2019,club,Eden Gardens,Punjab Kings,Kolkata Knight Riders,Punjab Kings,field,Kolkata Knight Riders,28.0,,1437.0,win,League,2019,Runs
1175362,2019,6,Bengaluru,2019-03-28,Indian Premier League,7.0,male,T20,T20,20,2019,club,M.Chinnaswamy Stadium,Royal Challengers Bangalore,Mumbai Indians,Royal Challengers Bangalore,field,Mumbai Indians,6.0,,33.0,win,League,2019,Runs
1175363,2019,6,Hyderabad,2019-03-29,Indian Premier League,8.0,male,T20,T20,20,2019,club,Rajiv Gandhi International Stadium,Rajasthan Royals,Rajasthan Royals,Sunrisers Hyderabad,bat,Sunrisers Hyderabad,,5.0,22.0,win,League,2019,Wickets
1175364,2019,6,Chandigarh,2019-03-30,Indian Premier League,9.0,male,T20,T20,20,2019,club,Punjab Cricket Association IS Bindra Stadium,Punjab Kings,Mumbai Indians,Punjab Kings,field,Punjab Kings,,8.0,35.0,win,League,2019,Wickets
1175365,2019,6,Delhi,2019-03-30,Indian Premier League,10.0,male,T20,T20,20,2019,club,Arun Jaitley Stadium,Delhi Capitals,Kolkata Knight Riders,Delhi Capitals,field,Delhi Capitals,,,1849.0,tie,League,2019,No Result / Tie
1175366,2019,6,Hyderabad,2019-03-31,Indian Premier League,11.0,male,T20,T20,20,2019,club,Rajiv Gandhi International Stadium,Royal Challengers Bangalore,Sunrisers Hyderabad,Royal Challengers Bangalore,field,Sunrisers Hyderabad,118.0,,2719.0,win,League,2019,Runs
1175367,2019,6,Chennai,2019-03-31,Indian Premier League,12.0,male,T20,T20,20,2019,club,MA Chidambaram Stadium,Rajasthan Royals,Chennai Super Kings,Rajasthan Royals,field,Chennai Super Kings,8.0,,38.0,win,League,2019,Runs
1175368,2019,6,Chandigarh,2019-04-01,Indian Premier League,13.0,male,T20,T20,20,2019,club,Punjab Cricket Association IS Bindra Stadium,Delhi Capitals,Punjab Kings,Delhi Capitals,field,Punjab Kings,14.0,,2768.0,win,League,2019,Runs
1175369,2019,6,Jaipur,2019-04-02,Indian Premier League,14.0,male,T20,T20,20,2019,club,Sawai Mansingh Stadium,Rajasthan Royals,Royal Challengers Bangalore,Rajasthan Royals,field,Rajasthan Royals,,7.0,1449.0,win,League,2019,Wickets
1175370,2019,6,Mumbai,2019-04-03,Indian Premier League,15.0,male,T20,T20,20,2019,club,Wankhede Stadium,Chennai Super Kings,Mumbai Indians,Chennai Super Kings,field,Mumbai Indians,37.0,,30.0,win,League,2019,Runs
1175371,2019,6,Delhi,2019-04-04,Indian Premier League,16.0,male,T20,T20,20,2019,club,Arun Jaitley Stadium,Sunrisers Hyderabad,Delhi Capitals,Sunrisers Hyderabad,field,Sunrisers Hyderabad,,5.0,2719.0,win,League,2019,Wickets
1175372,2019,6,Bengaluru,2019-04-05,Indian Premier League,17.0,male,T20,T20,20,2019,club,M.Chinnaswamy Stadium,Kolkata Knight Riders,Royal Challengers Bangalore,Kolkata Knight Riders,field,Kolkata Knight Riders,,5.0,1437.0,win,League,2019,Wickets
1178393,2019,6,Chennai,2019-04-06,Indian Premier League,18.0,male,T20,T20,20,2019,club,MA Chidambaram Stadium,Chennai Super Kings,Chennai Super Kings,Punjab Kings,bat,Chennai Super Kings,22.0,,228.0,win,League,2019,Runs
1178394,2019,6,Hyderabad,2019-04-06,Indian Premier League,19.0,male,T20,T20,20,2019,club,Rajiv Gandhi International Stadium,Sunrisers Hyderabad,Mumbai Indians,Sunrisers Hyderabad,field,Mumbai Indians,40.0,,3100.0,win,League,2019,Runs
1178395,2019,6,Bengaluru,2019-04-07,Indian Premier League,20.0,male,T20,T20,20,2019,club,M.Chinnaswamy Stadium,Delhi Capitals,Royal Challengers Bangalore,Delhi Capitals,field,Delhi Capitals,,4.0,590.0,win,League,2019,Wickets
1178396,2019,6,Jaipur,2019-04-07,Indian Premier League,21.0,male,T20,T20,20,2019,club,Sawai Mansingh Stadium,Kolkata Knight Riders,Rajasthan Royals,Kolkata Knight Riders,field,Kolkata Knight Riders,,8.0,3156.0,win,League,2019,Wickets
1178397,2019,6,Chandigarh,2019-04-08,Indian Premier League,22.0,male,T20,T20,20,2019,club,Punjab Cricket Association IS Bindra Stadium,Punjab Kings,Sunrisers Hyderabad,Punjab Kings,field,Punjab Kings,,6.0,1409.0,win,League,2019,Wickets
1178398,2019,6,Chennai,2019-04-09,Indian Premier League,23.0,male,T20,T20,20,2019,club,MA Chidambaram Stadium,Chennai Super Kings,Kolkata Knight Riders,Chennai Super Kings,field,Chennai Super Kings,,7.0,41.0,win,League,2019,Wickets
1178399,2019,6,Mumbai,2019-04-10,Indian Premier League,24.0,male,T20,T20,20,2019,club,Wankhede Stadium,Mumbai Indians,Punjab Kings,Mumbai Indians,field,Mumbai Indians,,3.0,29.0,win,League,2019,Wickets
1178400,2019,6,Jaipur,2019-04-11,Indian Premier League,25.0,male,T20,T20,20,2019,club,Sawai Mansingh Stadium,Chennai Super Kings,Rajasthan Royals,Chennai Super Kings,field,Chennai Super Kings,,4.0,38.0,win,League,2019,Wickets
1178401,2019,6,Kolkata,2019-04-12,Indian Premier League,26.0,male,T20,T20,20,2019,club,Eden Gardens,Delhi Capitals,Kolkata Knight Riders,Delhi Capitals,field,Delhi Capitals,,7.0,13.0,win,League,2019,Wickets
1178402,2019,6,Mumbai,2019-04-13,Indian Premier League,27.0,male,T20,T20,20,2019,club,Wankhede Stadium,Rajasthan Royals,Mumbai Indians,Rajasthan Royals,field,Rajasthan Royals,,4.0,24.0,win,League,2019,Wickets
1178403,2019,6,Chandigarh,2019-04-13,Indian Premier League,28.0,male,T20,T20,20,2019,club,Punjab Cricket Association IS Bindra Stadium,Royal Challengers Bangalore,Punjab Kings,Royal Challengers Bangalore,field,Royal Challengers Bangalore,,8.0,245.0,win,League,2019,Wickets
1178404,2019,6,Kolkata,2019-04-14,Indian Premier League,29.0,male,T20,T20,20,2019,club,Eden Gardens,Chennai Super Kings,Kolkata Knight Riders,Chennai Super Kings,field,Chennai Super Kings,,5.0,44.0,win,League,2019,Wickets
1178405,2019,6,Hyderabad,2019-04-14,Indian Premier League,30.0,male,T20,T20,20,2019,club,Rajiv Gandhi International Stadium,Sunrisers Hyderabad,Delhi Capitals,Sunrisers Hyderabad,field,Delhi Capitals,39.0,,2745.0,win,League,2019,Runs
1178406,2019,6,Mumbai,2019-04-15,Indian Premier League,31.0,male,T20,T20,20,2019,club,Wankhede Stadium,Mumbai Indians,Royal Challengers Bangalore,Mumbai Indians,field,Mumbai Indians,,5.0,230.0,win,League,2019,Wickets
1178407,2019,6,Chandigarh,2019-04-16,Indian Premier League,32.0,male,T20,T20,20,2019,club,Punjab Cricket Association IS Bindra Stadium,Rajasthan Royals,Punjab Kings,Rajasthan Royals,field,Punjab Kings,12.0,,1416.0,win,League,2019,Runs
1178408,2019,6,Hyderabad,2019-04-17,Indian Premier League,33.0,male,T20,T20,20,2019,club,Rajiv Gandhi International Stadium,Chennai Super Kings,Chennai Super Kings,Sunrisers Hyderabad,bat,Sunrisers Hyderabad,,6.0,12.0,win,League,2019,Wickets
1178409,2019,6,Delhi,2019-04-18,Indian Premier League,34.0,male,T20,T20,20,2019,club,Arun Jaitley Stadium,Mumbai Indians,Mumbai Indians,Delhi Capitals,bat,Mumbai Indians,40.0,,30.0,win,League,2019,Runs
1178410,2019,6,Kolkata,2019-04-19,Indian Premier League,35.0,male,T20,T20,20,2019,club,Eden Gardens,Kolkata Knight Riders,Royal Challengers Bangalore,Kolkata Knight Riders,field,Royal Challengers Bangalore,10.0,,332.0,win,League,2019,Runs
1178411,2019,6,Jaipur,2019-04-20,Indian Premier League,36.0,male,T20,T20,20,2019,club,Sawai Mansingh Stadium,Rajasthan Royals,Mumbai Indians,Rajasthan Royals,field,Rajasthan Royals,,5.0,36.0,win,League,2019,Wickets
1178412,2019,6,Delhi,2019-04-20,Indian Premier League,37.0,male,T20,T20,20,2019,club,Arun Jaitley Stadium,Delhi Capitals,Punjab Kings,Delhi Capitals,field,Delhi Capitals,,5.0,389.0,win,League,2019,Wickets
1178413,2019,6,Hyderabad,2019-04-21,Indian Premier League,38.0,male,T20,T20,20,2019,club,Rajiv Gandhi International Stadium,Sunrisers Hyderabad,Kolkata Knight Riders,Sunrisers Hyderabad,field,Sunrisers Hyderabad,,9.0,2662.0,win,League,2019,Wickets
1178414,2019,6,Bengaluru,2019-04-21,Indian Premier League,39.0,male,T20,T20,20,2019,club,M.Chinnaswamy Stadium,Chennai Super Kings,Royal Challengers Bangalore,Chennai Super Kings,field,Royal Challengers Bangalore,1.0,,23.0,win,League,2019,Runs
1178415,2019,6,Jaipur,2019-04-22,Indian Premier League,40.0,male,T20,T20,20,2019,club,Sawai Mansingh Stadium,Delhi Capitals,Rajasthan Royals,Delhi Capitals,field,Delhi Capitals,,6.0,181.0,win,League,2019,Wickets
1178416,2019,6,Chennai,2019-04-23,Indian Premier League,41.0,male,T20,T20,20,2019,club,MA Chidambaram Stadium,Chennai Super Kings,Sunrisers Hyderabad,Chennai Super Kings,field,Chennai Super Kings,,6.0,5.0,win,League,2019,Wickets
1178417,2019,6,Bengaluru,2019-04-24,Indian Premier League,42.0,male,T20,T20,20,2019,club,M.Chinnaswamy Stadium,Punjab Kings,Royal Challengers Bangalore,Punjab Kings,field,Royal Challengers Bangalore,17.0,,245.0,win,League,2019,Runs
1178418,2019,6,Kolkata,2019-04-25,Indian Premier League,43.0,male,T20,T20,20,2019,club,Eden Gardens,Rajasthan Royals,Kolkata Knight Riders,Rajasthan Royals,field,Rajasthan Royals,,3.0,241.0,win,League,2019,Wickets
1178419,2019,6,Chennai,2019-04-26,Indian Premier League,44.0,male,T20,T20,20,2019,club,MA Chidambaram Stadium,Chennai Super Kings,Mumbai Indians,Chennai Super Kings,field,Mumbai Indians,46.0,,25.0,win,League,2019,Runs
1178420,2019,6,Jaipur,2019-04-27,Indian Premier League,45.0,male,T20,T20,20,2019,club,Sawai Mansingh Stadium,Rajasthan Royals,Sunrisers Hyderabad,Rajasthan Royals,field,Rajasthan Royals,,7.0,438.0,win,League,2019,Wickets
1178421,2019,6,Delhi,2019-04-28,Indian Premier League,46.0,male,T20,T20,20,2019,club,Arun Jaitley Stadium,Delhi Capitals,Delhi Capitals,Royal Challengers Bangalore,bat,Delhi Capitals,16.0,,13.0,win,League,2019,Runs
1178422,2019,6,Kolkata,2019-04-28,Indian Premier League,47.0,male,T20,T20,20,2019,club,Eden Gardens,Mumbai Indians,Kolkata Knight Riders,Mumbai Indians,field,Kolkata Knight Riders,34.0,,1437.0,win,League,2019,Runs
1178423,2019,6,Hyderabad,2019-04-29,Indian Premier League,48.0,male,T20,T20,20,2019,club,Rajiv Gandhi International Stadium,Punjab Kings,Sunrisers Hyderabad,Punjab Kings,field,Sunrisers Hyderabad,45.0,,12.0,win,League,2019,Runs
1178424,2019,6,Bengaluru,2019-04-30,Indian Premier League,49.0,male,T20,T20,20,2019,club,M.Chinnaswamy Stadium,Rajasthan Royals,Royal Challengers Bangalore,Rajasthan Royals,field,,,,,no result,League,2019,No Result / Tie
1178425,2019,6,Chennai,2019-05-01,Indian Premier League,50.0,male,T20,T20,20,2019,club,MA Chidambaram Stadium,Delhi Capitals,Chennai Super Kings,Delhi Capitals,field,Chennai Super Kings,80.0,,38.0,win,League,2019,Runs
1178426,2019,6,Mumbai,2019-05-02,Indian Premier League,51.0,male,T20,T20,20,2019,club,Wankhede Stadium,Mumbai Indians,Mumbai Indians,Sunrisers Hyderabad,bat,Sunrisers Hyderabad,,,33.0,tie,League,2019,No Result / Tie
1178427,2019,6,Chandigarh,2019-05-03,Indian Premier League,52.0,male,T20,T20,20,2019,club,Punjab Cricket Association IS Bindra Stadium,Kolkata Knight Riders,Punjab Kings,Kolkata Knight Riders,field,Kolkata Knight Riders,,7.0,1580.0,win,League,2019,Wickets
1178428,2019,6,Delhi,2019-05-04,Indian Premier League,53.0,male,T20,T20,20,2019,club,Arun Jaitley Stadium,Rajasthan Royals,Rajasthan Royals,Delhi Capitals,bat,Delhi Capitals,,5.0,185.0,win,League,2019,Wickets
1178429,2019,6,Bengaluru,2019-05-04,Indian Premier League,54.0,male,T20,T20,20,2019,club,M.Chinnaswamy Stadium,Royal Challengers Bangalore,Sunrisers Hyderabad,Royal Challengers Bangalore,field,Royal Challengers Bangalore,,4.0,2700.0,win,League,2019,Wickets
1178430,2019,6,Chandigarh,2019-05-05,Indian Premier League,55.0,male,T20,T20,20,2019,club,Punjab Cricket Association IS Bindra Stadium,Punjab Kings,Chennai Super Kings,Punjab Kings,field,Punjab Kings,,6.0,1409.0,win,League,2019,Wickets
1178431,2019,6,Mumbai,2019-05-05,Indian Premier League,56.0,male,T20,T20,20,2019,club,Wankhede Stadium,Mumbai Indians,Kolkata Knight Riders,Mumbai Indians,field,Mumbai Indians,,9.0,30.0,win,League,2019,Wickets
1181764,2019,6,Chennai,2019-05-07,Indian Premier League,,male,T20,T20,20,2019,club,MA Chidambaram Stadium,Chennai Super Kings,Chennai Super Kings,Mumbai Indians,bat,Mumbai Indians,,6.0,61.0,win,League,2019,Wickets
1181766,2019,6,Visakhapatnam,2019-05-08,Indian Premier League,,male,T20,T20,20,2019,club,Dr. Y.S. Rajasekhara Reddy ACA-VDCA Cricket Stadium,Delhi Capitals,Sunrisers Hyderabad,Delhi Capitals,field,Delhi Capitals,,2.0,181.0,win,League,2019,Wickets
1181767,2019,6,Visakhapatnam,2019-05-10,Indian Premier League,,male,T20,T20,20,2019,club,Dr. Y.S. Rajasekhara Reddy ACA-VDCA Cricket Stadium,Chennai Super Kings,Delhi Capitals,Chennai Super Kings,field,Chennai Super Kings,,6.0,267.0,win,League,2019,Wickets
1181768,2019,6,Hyderabad,2019-05-12,Indian Premier League,,male,T20,T20,20,2019,club,Rajiv Gandhi International Stadium,Mumbai Indians,Mumbai Indians,Chennai Super Kings,bat,Mumbai Indians,1.0,,33.0,win,League,2019,Runs
1216492,2020,6,Abu Dhabi,2020-09-19,Indian Premier League,1.0,male,T20,T20,20,2020/21,club,Sheikh Zayed Stadium,Chennai Super Kings,Mumbai Indians,Chennai Super Kings,field,Chennai Super Kings,,5.0,27.0,win,League,2020,Wickets
1216493,2020,6,Unknown,2020-09-20,Indian Premier League,2.0,male,T20,T20,20,2020/21,club,Dubai International Cricket Stadium,Punjab Kings,Delhi Capitals,Punjab Kings,field,Punjab Kings,,,73.0,tie,League,2020,No Result / Tie
1216494,2020,6,Abu Dhabi,2020-10-21,Indian Premier League,39.0,male,T20,T20,20,2020/21,club,Sheikh Zayed Stadium,Kolkata Knight Riders,Kolkata Knight Riders,Royal Challengers Bangalore,bat,Royal Challengers Bangalore,,8.0,538.0,win,League,2020,Wickets
1216495,2020,6,Unknown,2020-11-03,Indian Premier League,56.0,male,T20,T20,20,2020/21,club,Sharjah Cricket Stadium,Sunrisers Hyderabad,Mumbai Indians,Sunrisers Hyderabad,field,Sunrisers Hyderabad,,10.0,186.0,win,League,2020,Wickets
1216496,2020,6,Unknown,2020-09-22,Indian Premier League,4.0,male,T20,T20,20,2020/21,club,Sharjah Cricket Stadium,Chennai Super Kings,Rajasthan Royals,Chennai Super Kings,field,Rajasthan Royals,16.0,,180.0,win,League,2020,Runs
1216497,2020,6,Abu Dhabi,2020-10-24,Indian Premier League,42.0,male,T20,T20,20,2020/21,club,Sheikh Zayed Stadium,Delhi Capitals,Kolkata Knight Riders,Delhi Capitals,field,Kolkata Knight Riders,59.0,,2825.0,win,League,2020,Runs
1216498,2020,6,Unknown,2020-10-24,Indian Premier League,43.0,male,T20,T20,20,2020/21,club,Dubai International Cricket Stadium,Sunrisers Hyderabad,Punjab Kings,Sunrisers Hyderabad,field,Punjab Kings,12.0,,1327.0,win,League,2020,Runs
1216499,2020,6,Abu Dhabi,2020-10-28,Indian Premier League,48.0,male,T20,T20,20,2020/21,club,Sheikh Zayed Stadium,Mumbai Indians,Royal Challengers Bangalore,Mumbai Indians,field,Mumbai Indians,,5.0,61.0,win,League,2020,Wickets
1216500,2020,6,Unknown,2020-10-09,Indian Premier League,23.0,male,T20,T20,20,2020/21,club,Sharjah Cricket Stadium,Rajasthan Royals,Delhi Capitals,Rajasthan Royals,field,Delhi Capitals,46.0,,1416.0,win,League,2020,Runs
1216501,2020,6,Abu Dhabi,2020-10-07,Indian Premier League,21.0,male,T20,T20,20,2020/21,club,Sheikh Zayed Stadium,Kolkata Knight Riders,Kolkata Knight Riders,Chennai Super Kings,bat,Kolkata Knight Riders,10.0,,268.0,win,League,2020,Runs
1216502,2020,6,Unknown,2020-10-31,Indian Premier League,52.0,male,T20,T20,20,2020/21,club,Sharjah Cricket Stadium,Sunrisers Hyderabad,Royal Challengers Bangalore,Sunrisers Hyderabad,field,Sunrisers Hyderabad,,5.0,76.0,win,League,2020,Wickets
1216503,2020,6,Abu Dhabi,2020-10-01,Indian Premier League,13.0,male,T20,T20,20,2020/21,club,Sheikh Zayed Stadium,Punjab Kings,Mumbai Indians,Punjab Kings,field,Mumbai Indians,48.0,,29.0,win,League,2020,Runs
1216504,2020,6,Unknown,2020-09-30,Indian Premier League,12.0,male,T20,T20,20,2020/21,club,Dubai International Cricket Stadium,Rajasthan Royals,Kolkata Knight Riders,Rajasthan Royals,field,Kolkata Knight Riders,37.0,,1581.0,win,League,2020,Runs
1216505,2020,6,Abu Dhabi,2020-11-02,Indian Premier League,55.0,male,T20,T20,20,2020/21,club,Sheikh Zayed Stadium,Delhi Capitals,Royal Challengers Bangalore,Delhi Capitals,field,Delhi Capitals,,6.0,4047.0,win,League,2020,Wickets
1216506,2020,6,Abu Dhabi,2020-11-01,Indian Premier League,53.0,male,T20,T20,20,2020/21,club,Sheikh Zayed Stadium,Chennai Super Kings,Punjab Kings,Chennai Super Kings,field,Chennai Super Kings,,9.0,4119.0,win,League,2020,Wickets
1216507,2020,6,Unknown,2020-10-11,Indian Premier League,26.0,male,T20,T20,20,2020/21,club,Dubai International Cricket Stadium,Sunrisers Hyderabad,Sunrisers Hyderabad,Rajasthan Royals,bat,Rajasthan Royals,,5.0,1119.0,win,League,2020,Wickets
1216508,2020,6,Abu Dhabi,2020-09-23,Indian Premier League,5.0,male,T20,T20,20,2020/21,club,Sheikh Zayed Stadium,Kolkata Knight Riders,Mumbai Indians,Kolkata Knight Riders,field,Mumbai Indians,49.0,,25.0,win,League,2020,Runs
1216509,2020,6,Unknown,2020-10-17,Indian Premier League,34.0,male,T20,T20,20,2020/21,club,Sharjah Cricket Stadium,Chennai Super Kings,Chennai Super Kings,Delhi Capitals,bat,Delhi Capitals,,5.0,13.0,win,League,2020,Wickets
1216510,2020,6,Unknown,2020-09-24,Indian Premier League,6.0,male,T20,T20,20,2020/21,club,Dubai International Cricket Stadium,Royal Challengers Bangalore,Punjab Kings,Royal Challengers Bangalore,field,Punjab Kings,97.0,,1409.0,win,League,2020,Runs
1216511,2020,6,Abu Dhabi,2020-10-06,Indian Premier League,20.0,male,T20,T20,20,2020/21,club,Sheikh Zayed Stadium,Mumbai Indians,Mumbai Indians,Rajasthan Royals,bat,Mumbai Indians,57.0,,61.0,win,League,2020,Runs
1216512,2020,6,Abu Dhabi,2020-10-18,Indian Premier League,35.0,male,T20,T20,20,2020/21,club,Sheikh Zayed Stadium,Sunrisers Hyderabad,Kolkata Knight Riders,Sunrisers Hyderabad,field,Sunrisers Hyderabad,,,361.0,tie,League,2020,No Result / Tie
1216513,2020,6,Unknown,2020-10-04,Indian Premier League,18.0,male,T20,T20,20,2020/21,club,Dubai International Cricket Stadium,Punjab Kings,Punjab Kings,Chennai Super Kings,bat,Chennai Super Kings,,10.0,5.0,win,League,2020,Wickets
1216514,2020,6,Abu Dhabi,2020-10-03,Indian Premier League,15.0,male,T20,T20,20,2020/21,club,Sheikh Zayed Stadium,Rajasthan Royals,Rajasthan Royals,Royal Challengers Bangalore,bat,Royal Challengers Bangalore,,8.0,10.0,win,League,2020,Wickets
1216515,2020,6,Unknown,2020-10-03,Indian Premier League,16.0,male,T20,T20,20,2020/21,club,Sharjah Cricket Stadium,Kolkata Knight Riders,Delhi Capitals,Kolkata Knight Riders,field,Delhi Capitals,18.0,,389.0,win,League,2020,Runs
1216516,2020,6,Unknown,2020-10-02,Indian Premier League,14.0,male,T20,T20,20,2020/21,club,Dubai International Cricket Stadium,Sunrisers Hyderabad,Sunrisers Hyderabad,Chennai Super Kings,bat,Sunrisers Hyderabad,7.0,,4097.0,win,League,2020,Runs
1216517,2020,6,Unknown,2020-10-18,Indian Premier League,36.0,male,T20,T20,20,2020/21,club,Dubai International Cricket Stadium,Mumbai Indians,Mumbai Indians,Punjab Kings,bat,Punjab Kings,,,1409.0,tie,League,2020,No Result / Tie
1216518,2020,6,Unknown,2020-10-22,Indian Premier League,40.0,male,T20,T20,20,2020/21,club,Dubai International Cricket Stadium,Sunrisers Hyderabad,Rajasthan Royals,Sunrisers Hyderabad,field,Sunrisers Hyderabad,,8.0,59.0,win,League,2020,Wickets
1216519,2020,6,Unknown,2020-10-05,Indian Premier League,19.0,male,T20,T20,20,2020/21,club,Dubai International Cricket Stadium,Royal Challengers Bangalore,Delhi Capitals,Royal Challengers Bangalore,field,Delhi Capitals,59.0,,70.0,win,League,2020,Runs
1216520,2020,6,Unknown,2020-10-26,Indian Premier League,46.0,male,T20,T20,20,2020/21,club,Sharjah Cricket Stadium,Punjab Kings,Kolkata Knight Riders,Punjab Kings,field,Punjab Kings,,8.0,1.0,win,League,2020,Wickets
1216521,2020,6,Unknown,2020-10-23,Indian Premier League,41.0,male,T20,T20,20,2020/21,club,Sharjah Cricket Stadium,Mumbai Indians,Chennai Super Kings,Mumbai Indians,field,Mumbai Indians,,10.0,66.0,win,League,2020,Wickets
1216522,2020,6,Unknown,2020-10-17,Indian Premier League,33.0,male,T20,T20,20,2020/21,club,Dubai International Cricket Stadium,Rajasthan Royals,Rajasthan Royals,Royal Challengers Bangalore,bat,Royal Challengers Bangalore,,7.0,245.0,win,League,2020,Wickets
1216523,2020,6,Abu Dhabi,2020-10-10,Indian Premier League,24.0,male,T20,T20,20,2020/21,club,Sheikh Zayed Stadium,Kolkata Knight Riders,Kolkata Knight Riders,Punjab Kings,bat,Kolkata Knight Riders,2.0,,49.0,win,League,2020,Runs
1216524,2020,6,Unknown,2020-10-27,Indian Premier League,47.0,male,T20,T20,20,2020/21,club,Dubai International Cricket Stadium,Delhi Capitals,Sunrisers Hyderabad,Delhi Capitals,field,Sunrisers Hyderabad,88.0,,69.0,win,League,2020,Runs
1216525,2020,6,Unknown,2020-10-10,Indian Premier League,25.0,male,T20,T20,20,2020/21,club,Dubai International Cricket Stadium,Royal Challengers Bangalore,Royal Challengers Bangalore,Chennai Super Kings,bat,Royal Challengers Bangalore,37.0,,332.0,win,League,2020,Runs
1216526,2020,6,Abu Dhabi,2020-10-16,Indian Premier League,32.0,male,T20,T20,20,2020/21,club,Sheikh Zayed Stadium,Kolkata Knight Riders,Kolkata Knight Riders,Mumbai Indians,bat,Mumbai Indians,,8.0,1421.0,win,League,2020,Wickets
1216527,2020,6,Unknown,2020-09-27,Indian Premier League,9.0,male,T20,T20,20,2020/21,club,Sharjah Cricket Stadium,Rajasthan Royals,Punjab Kings,Rajasthan Royals,field,Rajasthan Royals,,4.0,180.0,win,League,2020,Wickets
1216528,2020,6,Unknown,2020-10-13,Indian Premier League,29.0,male,T20,T20,20,2020/21,club,Dubai International Cricket Stadium,Chennai Super Kings,Chennai Super Kings,Sunrisers Hyderabad,bat,Chennai Super Kings,20.0,,348.0,win,League,2020,Runs
1216529,2020,6,Abu Dhabi,2020-10-11,Indian Premier League,27.0,male,T20,T20,20,2020/21,club,Sheikh Zayed Stadium,Delhi Capitals,Delhi Capitals,Mumbai Indians,bat,Mumbai Indians,,5.0,1421.0,win,League,2020,Wickets
1216530,2020,6,Unknown,2020-11-01,Indian Premier League,54.0,male,T20,T20,20,2020/21,club,Dubai International Cricket Stadium,Rajasthan Royals,Kolkata Knight Riders,Rajasthan Royals,field,Kolkata Knight Riders,60.0,,184.0,win,League,2020,Runs
1216531,2020,6,Unknown,2020-10-15,Indian Premier League,31.0,male,T20,T20,20,2020/21,club,Sharjah Cricket Stadium,Royal Challengers Bangalore,Royal Challengers Bangalore,Punjab Kings,bat,Punjab Kings,,8.0,1409.0,win,League,2020,Wickets
1216532,2020,6,Abu Dhabi,2020-09-29,Indian Premier League,11.0,male,T20,T20,20,2020/21,club,Sheikh Zayed Stadium,Delhi Capitals,Sunrisers Hyderabad,Delhi Capitals,field,Sunrisers Hyderabad,15.0,,22.0,win,League,2020,Runs
1216533,2020,6,Abu Dhabi,2020-10-19,Indian Premier League,37.0,male,T20,T20,20,2020/21,club,Sheikh Zayed Stadium,Chennai Super Kings,Chennai Super Kings,Rajasthan Royals,bat,Rajasthan Royals,,7.0,24.0,win,League,2020,Wickets
1216534,2020,6,Unknown,2020-09-21,Indian Premier League,3.0,male,T20,T20,20,2020/21,club,Dubai International Cricket Stadium,Sunrisers Hyderabad,Royal Challengers Bangalore,Sunrisers Hyderabad,field,Royal Challengers Bangalore,10.0,,10.0,win,League,2020,Runs
1216535,2020,6,Unknown,2020-10-31,Indian Premier League,51.0,male,T20,T20,20,2020/21,club,Dubai International Cricket Stadium,Mumbai Indians,Delhi Capitals,Mumbai Indians,field,Mumbai Indians,,9.0,347.0,win,League,2020,Wickets
1216536,2020,6,Unknown,2020-10-29,Indian Premier League,49.0,male,T20,T20,20,2020/21,club,Dubai International Cricket Stadium,Chennai Super Kings,Kolkata Knight Riders,Chennai Super Kings,field,Chennai Super Kings,,6.0,4119.0,win,League,2020,Wickets
1216537,2020,6,Abu Dhabi,2020-10-30,Indian Premier League,50.0,male,T20,T20,20,2020/21,club,Sheikh Zayed Stadium,Rajasthan Royals,Punjab Kings,Rajasthan Royals,field,Rajasthan Royals,,7.0,37.0,win,League,2020,Wickets
1216538,2020,6,Unknown,2020-10-04,Indian Premier League,17.0,male,T20,T20,20,2020/21,club,Sharjah Cricket Stadium,Mumbai Indians,Mumbai Indians,Sunrisers Hyderabad,bat,Mumbai Indians,34.0,,66.0,win,League,2020,Runs
1216539,2020,6,Unknown,2020-09-25,Indian Premier League,7.0,male,T20,T20,20,2020/21,club,Dubai International Cricket Stadium,Chennai Super Kings,Delhi Capitals,Chennai Super Kings,field,Delhi Capitals,44.0,,1849.0,win,League,2020,Runs
1216540,2020,6,Unknown,2020-10-12,Indian Premier League,28.0,male,T20,T20,20,2020/21,club,Sharjah Cricket Stadium,Royal Challengers Bangalore,Royal Challengers Bangalore,Kolkata Knight Riders,bat,Royal Challengers Bangalore,82.0,,245.0,win,League,2020,Runs
1216541,2020,6,Abu Dhabi,2020-10-25,Indian Premier League,45.0,male,T20,T20,20,2020/21,club,Sheikh Zayed Stadium,Mumbai Indians,Mumbai Indians,Rajasthan Royals,bat,Rajasthan Royals,,8.0,37.0,win,League,2020,Wickets
1216542,2020,6,Unknown,2020-10-08,Indian Premier League,22.0,male,T20,T20,20,2020/21,club,Dubai International Cricket Stadium,Sunrisers Hyderabad,Sunrisers Hyderabad,Punjab Kings,bat,Sunrisers Hyderabad,69.0,,2719.0,win,League,2020,Runs
1216543,2020,6,Unknown,2020-10-14,Indian Premier League,30.0,male,T20,T20,20,2020/21,club,Dubai International Cricket Stadium,Delhi Capitals,Delhi Capitals,Rajasthan Royals,bat,Delhi Capitals,13.0,,4047.0,win,League,2020,Runs
1216544,2020,6,Unknown,2020-10-25,Indian Premier League,44.0,male,T20,T20,20,2020/21,club,Dubai International Cricket Stadium,Royal Challengers Bangalore,Royal Challengers Bangalore,Chennai Super Kings,bat,Chennai Super Kings,,8.0,4119.0,win,League,2020,Wickets
1216545,2020,6,Abu Dhabi,2020-09-26,Indian Premier League,8.0,male,T20,T20,20,2020/21,club,Sheikh Zayed Stadium,Sunrisers Hyderabad,Sunrisers Hyderabad,Kolkata Knight Riders,bat,Kolkata Knight Riders,,7.0,1580.0,win,League,2020,Wickets
1216546,2020,6,Unknown,2020-10-20,Indian Premier League,38.0,male,T20,T20,20,2020/21,club,Dubai International Cricket Stadium,Delhi Capitals,Delhi Capitals,Punjab Kings,bat,Punjab Kings,,5.0,13.0,win,League,2020,Wickets
1216547,2020,6,Unknown,2020-09-28,Indian Premier League,10.0,male,T20,T20,20,2020/21,club,Dubai International Cricket Stadium,Mumbai Indians,Royal Challengers Bangalore,Mumbai Indians,field,Mumbai Indians,,,245.0,tie,League,2020,No Result / Tie
1237177,2020,6,Unknown,2020-11-05,Indian Premier League,,male,T20,T20,20,2020/21,club,Dubai International Cricket Stadium,Delhi Capitals,Mumbai Indians,Delhi Capitals,field,Mumbai Indians,57.0,,33.0,win,League,2020,Runs
1237178,2020,6,Abu Dhabi,2020-11-06,Indian Premier League,,male,T20,T20,20,2020/21,club,Sheikh Zayed Stadium,Sunrisers Hyderabad,Royal Challengers Bangalore,Sunrisers Hyderabad,field,Sunrisers Hyderabad,,6.0,531.0,win,League,2020,Wickets
1237180,2020,6,Abu Dhabi,2020-11-08,Indian Premier League,,male,T20,T20,20,2020/21,club,Sheikh Zayed Stadium,Delhi Capitals,Delhi Capitals,Sunrisers Hyderabad,bat,Delhi Capitals,17.0,,73.0,win,League,2020,Runs
1237181,2020,6,Unknown,2020-11-10,Indian Premier League,,male,T20,T20,20,2020/21,club,Dubai International Cricket Stadium,Delhi Capitals,Delhi Capitals,Mumbai Indians,bat,Mumbai Indians,,5.0,66.0,win,League,2020,Wickets
1254058,2021,6,Chennai,2021-04-09,Indian Premier League,1.0,male,T20,T20,20,2021,club,"MA Chidambaram Stadium, Chepauk, Chennai",Royal Challengers Bangalore,Mumbai Indians,Royal Challengers Bangalore,field,Royal Challengers Bangalore,,2.0,1285.0,win,League,2021,Wickets
1254059,2021,6,Mumbai,2021-04-10,Indian Premier League,2.0,male,T20,T20,20,2021,club,"Wankhede Stadium, Mumbai",Delhi Capitals,Chennai Super Kings,Delhi Capitals,field,Delhi Capitals,,7.0,13.0,win,League,2021,Wickets
1254060,2021,6,Chennai,2021-04-11,Indian Premier League,3.0,male,T20,T20,20,2021,club,"MA Chidambaram Stadium, Chepauk, Chennai",Sunrisers Hyderabad,Kolkata Knight Riders,Sunrisers Hyderabad,field,Kolkata Knight Riders,10.0,,26.0,win,League,2021,Runs
1254061,2021,6,Mumbai,2021-04-12,Indian Premier League,4.0,male,T20,T20,20,2021,club,"Wankhede Stadium, Mumbai",Rajasthan Royals,Punjab Kings,Rajasthan Royals,field,Punjab Kings,4.0,,180.0,win,League,2021,Runs
1254062,2021,6,Chennai,2021-04-13,Indian Premier League,5.0,male,T20,T20,20,2021,club,"MA Chidambaram Stadium, Chepauk, Chennai",Kolkata Knight Riders,Mumbai Indians,Kolkata Knight Riders,field,Mumbai Indians,10.0,,163.0,win,League,2021,Runs
1254063,2021,6,Chennai,2021-04-14,Indian Premier League,6.0,male,T20,T20,20,2021,club,"MA Chidambaram Stadium, Chepauk, Chennai",Sunrisers Hyderabad,Royal Challengers Bangalore,Sunrisers Hyderabad,field,Royal Challengers Bangalore,6.0,,71.0,win,League,2021,Runs
1254064,2021,6,Mumbai,2021-04-15,Indian Premier League,7.0,male,T20,T20,20,2021,club,"Wankhede Stadium, Mumbai",Rajasthan Royals,Delhi Capitals,Rajasthan Royals,field,Rajasthan Royals,,3.0,438.0,win,League,2021,Wickets
1254065,2021,6,Mumbai,2021-04-16,Indian Premier League,8.0,male,T20,T20,20,2021,club,"Wankhede Stadium, Mumbai",Chennai Super Kings,Punjab Kings,Chennai Super Kings,field,Chennai Super Kings,,6.0,41.0,win,League,2021,Wickets
1254066,2021,6,Chennai,2021-04-17,Indian Premier League,9.0,male,T20,T20,20,2021,club,"MA Chidambaram Stadium, Chepauk, Chennai",Mumbai Indians,Mumbai Indians,Sunrisers Hyderabad,bat,Mumbai Indians,13.0,,29.0,win,League,2021,Runs
1254067,2021,6,Chennai,2021-04-18,Indian Premier League,10.0,male,T20,T20,20,2021,club,"MA Chidambaram Stadium, Chepauk, Chennai",Royal Challengers Bangalore,Royal Challengers Bangalore,Kolkata Knight Riders,bat,Royal Challengers Bangalore,38.0,,245.0,win,League,2021,Runs
1254068,2021,6,Mumbai,2021-04-18,Indian Premier League,11.0,male,T20,T20,20,2021,club,"Wankhede Stadium, Mumbai",Delhi Capitals,Punjab Kings,Delhi Capitals,field,Delhi Capitals,,6.0,13.0,win,League,2021,Wickets
1254069,2021,6,Mumbai,2021-04-19,Indian Premier League,12.0,male,T20,T20,20,2021,club,"Wankhede Stadium, Mumbai",Rajasthan Royals,Chennai Super Kings,Rajasthan Royals,field,Chennai Super Kings,45.0,,2227.0,win,League,2021,Runs
1254070,2021,6,Chennai,2021-04-20,Indian Premier League,13.0,male,T20,T20,20,2021,club,"MA Chidambaram Stadium, Chepauk, Chennai",Mumbai Indians,Mumbai Indians,Delhi Capitals,bat,Delhi Capitals,,6.0,185.0,win,League,2021,Wickets
1254071,2021,6,Chennai,2021-04-21,Indian Premier League,14.0,male,T20,T20,20,2021,club,"MA Chidambaram Stadium, Chepauk, Chennai",Punjab Kings,Punjab Kings,Sunrisers Hyderabad,bat,Sunrisers Hyderabad,,9.0,2719.0,win,League,2021,Wickets
1254072,2021,6,Mumbai,2021-04-21,Indian Premier League,15.0,male,T20,T20,20,2021,club,"Wankhede Stadium, Mumbai",Kolkata Knight Riders,Chennai Super Kings,Kolkata Knight Riders,field,Chennai Super Kings,18.0,,267.0,win,League,2021,Runs
1254073,2021,6,Mumbai,2021-04-22,Indian Premier League,16.0,male,T20,T20,20,2021,club,"Wankhede Stadium, Mumbai",Royal Challengers Bangalore,Rajasthan Royals,Royal Challengers Bangalore,field,Royal Challengers Bangalore,,10.0,4071.0,win,League,2021,Wickets
1254074,2021,6,Chennai,2021-04-23,Indian Premier League,17.0,male,T20,T20,20,2021,club,"MA Chidambaram Stadium, Chepauk, Chennai",Punjab Kings,Mumbai Indians,Punjab Kings,field,Punjab Kings,,9.0,1409.0,win,League,2021,Wickets
1254075,2021,6,Mumbai,2021-04-24,Indian Premier League,18.0,male,T20,T20,20,2021,club,"Wankhede Stadium, Mumbai",Rajasthan Royals,Kolkata Knight Riders,Rajasthan Royals,field,Rajasthan Royals,,6.0,182.0,win,League,2021,Wickets
1254076,2021,6,Mumbai,2021-04-25,Indian Premier League,19.0,male,T20,T20,20,2021,club,"Wankhede Stadium, Mumbai",Chennai Super Kings,Chennai Super Kings,Royal Challengers Bangalore,bat,Chennai Super Kings,69.0,,348.0,win,League,2021,Runs
1254077,2021,6,Chennai,2021-04-25,Indian Premier League,20.0,male,T20,T20,20,2021,club,"MA Chidambaram Stadium, Chepauk, Chennai",Delhi Capitals,Delhi Capitals,Sunrisers Hyderabad,bat,Sunrisers Hyderabad,,,1849.0,tie,League,2021,No Result / Tie
1254078,2021,6,Ahmedabad,2021-04-26,Indian Premier League,21.0,male,T20,T20,20,2021,club,"Narendra Modi Stadium, Ahmedabad",Kolkata Knight Riders,Punjab Kings,Kolkata Knight Riders,field,Kolkata Knight Riders,,5.0,400.0,win,League,2021,Wickets
1254079,2021,6,Ahmedabad,2021-04-27,Indian Premier League,22.0,male,T20,T20,20,2021,club,"Narendra Modi Stadium, Ahmedabad",Delhi Capitals,Royal Challengers Bangalore,Delhi Capitals,field,Royal Challengers Bangalore,1.0,,245.0,win,League,2021,Runs
1254080,2021,6,Delhi,2021-04-28,Indian Premier League,23.0,male,T20,T20,20,2021,club,"Arun Jaitley Stadium, Delhi",Sunrisers Hyderabad,Sunrisers Hyderabad,Chennai Super Kings,bat,Chennai Super Kings,,7.0,4119.0,win,League,2021,Wickets
1254081,2021,6,Delhi,2021-04-29,Indian Premier League,24.0,male,T20,T20,20,2021,club,"Arun Jaitley Stadium, Delhi",Mumbai Indians,Rajasthan Royals,Mumbai Indians,field,Mumbai Indians,,7.0,1421.0,win,League,2021,Wickets
1254082,2021,6,Ahmedabad,2021-04-29,Indian Premier League,25.0,male,T20,T20,20,2021,club,"Narendra Modi Stadium, Ahmedabad",Delhi Capitals,Kolkata Knight Riders,Delhi Capitals,field,Delhi Capitals,,7.0,1849.0,win,League,2021,Wickets
1254083,2021,6,Ahmedabad,2021-04-30,Indian Premier League,26.0,male,T20,T20,20,2021,club,"Narendra Modi Stadium, Ahmedabad",Royal Challengers Bangalore,Punjab Kings,Royal Challengers Bangalore,field,Punjab Kings,34.0,,3495.0,win,League,2021,Runs
1254084,2021,6,Delhi,2021-05-01,Indian Premier League,27.0,male,T20,T20,20,2021,club,"Arun Jaitley Stadium, Delhi",Mumbai Indians,Chennai Super Kings,Mumbai Indians,field,Mumbai Indians,,4.0,29.0,win,League,2021,Wickets
1254085,2021,6,Delhi,2021-05-02,Indian Premier League,28.0,male,T20,T20,20,2021,club,"Arun Jaitley Stadium, Delhi",Sunrisers Hyderabad,Rajasthan Royals,Sunrisers Hyderabad,field,Rajasthan Royals,55.0,,24.0,win,League,2021,Runs
1254086,2021,6,Ahmedabad,2021-05-02,Indian Premier League,29.0,male,T20,T20,20,2021,club,"Narendra Modi Stadium, Ahmedabad",Delhi Capitals,Punjab Kings,Delhi Capitals,field,Delhi Capitals,,7.0,35.0,win,League,2021,Wickets
1254087,2021,6,Abu Dhabi,2021-09-20,Indian Premier League,31.0,male,T20,T20,20,2021,club,"Zayed Cricket Stadium, Abu Dhabi",Royal Challengers Bangalore,Royal Challengers Bangalore,Kolkata Knight Riders,bat,Kolkata Knight Riders,,9.0,2825.0,win,League,2021,Wickets
1254088,2021,6,Abu Dhabi,2021-10-08,Indian Premier League,55.0,male,T20,T20,20,2021,club,"Zayed Cricket Stadium, Abu Dhabi",Mumbai Indians,Mumbai Indians,Sunrisers Hyderabad,bat,Mumbai Indians,42.0,,347.0,win,League,2021,Runs
1254089,2021,6,Abu Dhabi,2021-10-02,Indian Premier League,47.0,male,T20,T20,20,2021,club,"Zayed Cricket Stadium, Abu Dhabi",Rajasthan Royals,Chennai Super Kings,Rajasthan Royals,field,Rajasthan Royals,,7.0,4119.0,win,League,2021,Wickets
1254090,2021,6,Sharjah,2021-10-03,Indian Premier League,48.0,male,T20,T20,20,2021,club,Sharjah Cricket Stadium,Royal Challengers Bangalore,Royal Challengers Bangalore,Punjab Kings,bat,Royal Challengers Bangalore,6.0,,71.0,win,League,2021,Runs
1254091,2021,6,Sharjah,2021-09-30,Indian Premier League,44.0,male,T20,T20,20,2021,club,Sharjah Cricket Stadium,Chennai Super Kings,Sunrisers Hyderabad,Chennai Super Kings,field,Chennai Super Kings,,6.0,4664.0,win,League,2021,Wickets
1254092,2021,6,Sharjah,2021-09-28,Indian Premier League,41.0,male,T20,T20,20,2021,club,Sharjah Cricket Stadium,Kolkata Knight Riders,Delhi Capitals,Kolkata Knight Riders,field,Kolkata Knight Riders,,3.0,65.0,win,League,2021,Wickets
1254093,2021,6,Sharjah,2021-10-05,Indian Premier League,51.0,male,T20,T20,20,2021,club,Sharjah Cricket Stadium,Mumbai Indians,Rajasthan Royals,Mumbai Indians,field,Mumbai Indians,,8.0,471.0,win,League,2021,Wickets
1254094,2021,6,Dubai,2021-10-07,Indian Premier League,53.0,male,T20,T20,20,2021,club,Dubai International Cricket Stadium,Punjab Kings,Chennai Super Kings,Punjab Kings,field,Punjab Kings,,6.0,1409.0,win,League,2021,Wickets
1254095,2021,6,Abu Dhabi,2021-10-06,Indian Premier League,52.0,male,T20,T20,20,2021,club,"Zayed Cricket Stadium, Abu Dhabi",Royal Challengers Bangalore,Sunrisers Hyderabad,Royal Challengers Bangalore,field,Sunrisers Hyderabad,4.0,,531.0,win,League,2021,Runs
1254096,2021,6,Abu Dhabi,2021-09-23,Indian Premier League,34.0,male,T20,T20,20,2021,club,"Zayed Cricket Stadium, Abu Dhabi",Kolkata Knight Riders,Mumbai Indians,Kolkata Knight Riders,field,Kolkata Knight Riders,,7.0,65.0,win,League,2021,Wickets
1254097,2021,6,Abu Dhabi,2021-09-25,Indian Premier League,36.0,male,T20,T20,20,2021,club,"Zayed Cricket Stadium, Abu Dhabi",Rajasthan Royals,Delhi Capitals,Rajasthan Royals,field,Delhi Capitals,33.0,,389.0,win,League,2021,Runs
1254098,2021,6,Abu Dhabi,2021-09-26,Indian Premier League,38.0,male,T20,T20,20,2021,club,"Zayed Cricket Stadium, Abu Dhabi",Kolkata Knight Riders,Kolkata Knight Riders,Chennai Super Kings,bat,Chennai Super Kings,,2.0,348.0,win,League,2021,Wickets
1254099,2021,6,Abu Dhabi,2021-09-28,Indian Premier League,42.0,male,T20,T20,20,2021,club,"Zayed Cricket Stadium, Abu Dhabi",Mumbai Indians,Punjab Kings,Mumbai Indians,field,Mumbai Indians,,6.0,29.0,win,League,2021,Wickets
1254100,2021,6,Dubai,2021-09-27,Indian Premier League,40.0,male,T20,T20,20,2021,club,Dubai International Cricket Stadium,Rajasthan Royals,Rajasthan Royals,Sunrisers Hyderabad,bat,Sunrisers Hyderabad,,7.0,45.0,win,League,2021,Wickets
1254101,2021,6,Dubai,2021-10-08,Indian Premier League,56.0,male,T20,T20,20,2021,club,Dubai International Cricket Stadium,Royal Challengers Bangalore,Delhi Capitals,Royal Challengers Bangalore,field,Royal Challengers Bangalore,,7.0,5976.0,win,League,2021,Wickets
1254102,2021,6,Dubai,2021-10-01,Indian Premier League,45.0,male,T20,T20,20,2021,club,Dubai International Cricket Stadium,Punjab Kings,Kolkata Knight Riders,Punjab Kings,field,Punjab Kings,,5.0,1409.0,win,League,2021,Wickets
1254103,2021,6,Dubai,2021-09-29,Indian Premier League,43.0,male,T20,T20,20,2021,club,Dubai International Cricket Stadium,Royal Challengers Bangalore,Rajasthan Royals,Royal Challengers Bangalore,field,Royal Challengers Bangalore,,7.0,10.0,win,League,2021,Wickets
1254104,2021,6,Dubai,2021-09-19,Indian Premier League,30.0,male,T20,T20,20,2021,club,Dubai International Cricket Stadium,Chennai Super Kings,Chennai Super Kings,Mumbai Indians,bat,Chennai Super Kings,20.0,,4119.0,win,League,2021,Runs
1254105,2021,6,Dubai,2021-09-22,Indian Premier League,33.0,male,T20,T20,20,2021,club,Dubai International Cricket Stadium,Sunrisers Hyderabad,Sunrisers Hyderabad,Delhi Capitals,bat,Delhi Capitals,,8.0,4047.0,win,League,2021,Wickets
1254106,2021,6,Sharjah,2021-10-07,Indian Premier League,54.0,male,T20,T20,20,2021,club,Sharjah Cricket Stadium,Rajasthan Royals,Kolkata Knight Riders,Rajasthan Royals,field,Kolkata Knight Riders,86.0,,1581.0,win,League,2021,Runs
1254107,2021,6,Sharjah,2021-09-25,Indian Premier League,37.0,male,T20,T20,20,2021,club,Sharjah Cricket Stadium,Sunrisers Hyderabad,Punjab Kings,Sunrisers Hyderabad,field,Punjab Kings,5.0,,4098.0,win,League,2021,Runs
1254108,2021,6,Dubai,2021-09-26,Indian Premier League,39.0,male,T20,T20,20,2021,club,Dubai International Cricket Stadium,Mumbai Indians,Royal Challengers Bangalore,Mumbai Indians,field,Royal Challengers Bangalore,54.0,,71.0,win,League,2021,Runs
1254109,2021,6,Dubai,2021-10-03,Indian Premier League,49.0,male,T20,T20,20,2021,club,Dubai International Cricket Stadium,Sunrisers Hyderabad,Sunrisers Hyderabad,Kolkata Knight Riders,bat,Kolkata Knight Riders,,6.0,1580.0,win,League,2021,Wickets
1254110,2021,6,Dubai,2021-10-04,Indian Premier League,50.0,male,T20,T20,20,2021,club,Dubai International Cricket Stadium,Delhi Capitals,Chennai Super Kings,Delhi Capitals,field,Delhi Capitals,,3.0,70.0,win,League,2021,Wickets
1254111,2021,6,Dubai,2021-09-21,Indian Premier League,32.0,male,T20,T20,20,2021,club,Dubai International Cricket Stadium,Punjab Kings,Rajasthan Royals,Punjab Kings,field,Rajasthan Royals,2.0,,4212.0,win,League,2021,Runs
1254112,2021,6,Sharjah,2021-10-02,Indian Premier League,46.0,male,T20,T20,20,2021,club,Sharjah Cricket Stadium,Delhi Capitals,Mumbai Indians,Delhi Capitals,field,Delhi Capitals,,4.0,70.0,win,League,2021,Wickets
1254113,2021,6,Sharjah,2021-09-24,Indian Premier League,35.0,male,T20,T20,20,2021,club,Sharjah Cricket Stadium,Chennai Super Kings,Royal Challengers Bangalore,Chennai Super Kings,field,Chennai Super Kings,,6.0,1393.0,win,League,2021,Wickets
1254114,2021,6,Dubai,2021-10-10,Indian Premier League,,male,T20,T20,20,2021,club,Dubai International Cricket Stadium,Chennai Super Kings,Delhi Capitals,Chennai Super Kings,field,Chennai Super Kings,,4.0,4119.0,win,League,2021,Wickets
1254115,2021,6,Sharjah,2021-10-11,Indian Premier League,,male,T20,T20,20,2021,club,Sharjah Cricket Stadium,Royal Challengers Bangalore,Royal Challengers Bangalore,Kolkata Knight Riders,bat,Kolkata Knight Riders,,4.0,65.0,win,League,2021,Wickets
1254116,2021,6,Sharjah,2021-10-13,Indian Premier League,,male,T20,T20,20,2021,club,Sharjah Cricket Stadium,Kolkata Knight Riders,Delhi Capitals,Kolkata Knight Riders,field,Kolkata Knight Riders,,3.0,5986.0,win,League,2021,Wickets
1254117,2021,6,Dubai,2021-10-15,Indian Premier League,,male,T20,T20,20,2021,club,Dubai International Cricket Stadium,Kolkata Knight Riders,Chennai Super Kings,Kolkata Knight Riders,field,Chennai Super Kings,27.0,,267.0,win,League,2021,Runs
1304047,2022,6,Mumbai,2022-03-26,Indian Premier League,1.0,male,T20,T20,20,2022,club,"Wankhede Stadium, Mumbai",Kolkata Knight Riders,Chennai Super Kings,Kolkata Knight Riders,field,Kolkata Knight Riders,,6.0,318.0,win,League,2022,Wickets
1304048,2022,6,Mumbai,2022-03-27,Indian Premier League,2.0,male,T20,T20,20,2022,club,"Brabourne Stadium, Mumbai",Delhi Capitals,Mumbai Indians,Delhi Capitals,field,Delhi Capitals,,4.0,64.0,win,League,2022,Wickets
1304049,2022,6,Mumbai,2022-03-27,Indian Premier League,3.0,male,T20,T20,20,2022,club,"Dr DY Patil Sports Academy, Mumbai",Punjab Kings,Royal Challengers Bangalore,Punjab Kings,field,Punjab Kings,,5.0,6717.0,win,League,2022,Wickets
1304050,2022,6,Mumbai,2022-03-28,Indian Premier League,4.0,male,T20,T20,20,2022,club,"Wankhede Stadium, Mumbai",Gujarat Titans,Lucknow Super Giants,Gujarat Titans,field,Gujarat Titans,,5.0,460.0,win,League,2022,Wickets
1304051,2022,6,Pune,2022-03-29,Indian Premier League,5.0,male,T20,T20,20,2022,club,"Maharashtra Cricket Association Stadium, Pune",Sunrisers Hyderabad,Rajasthan Royals,Sunrisers Hyderabad,field,Rajasthan Royals,61.0,,180.0,win,League,2022,Runs
1304052,2022,6,Mumbai,2022-03-30,Indian Premier League,6.0,male,T20,T20,20,2022,club,"Dr DY Patil Sports Academy, Mumbai",Royal Challengers Bangalore,Kolkata Knight Riders,Royal Challengers Bangalore,field,Royal Challengers Bangalore,,3.0,5980.0,win,League,2022,Wickets
1304053,2022,6,Mumbai,2022-03-31,Indian Premier League,7.0,male,T20,T20,20,2022,club,"Brabourne Stadium, Mumbai",Lucknow Super Giants,Chennai Super Kings,Lucknow Super Giants,field,Lucknow Super Giants,,6.0,1377.0,win,League,2022,Wickets
1304054,2022,6,Mumbai,2022-04-01,Indian Premier League,8.0,male,T20,T20,20,2022,club,"Wankhede Stadium, Mumbai",Kolkata Knight Riders,Punjab Kings,Kolkata Knight Riders,field,Kolkata Knight Riders,,6.0,318.0,win,League,2022,Wickets
1304055,2022,6,Mumbai,2022-04-02,Indian Premier League,9.0,male,T20,T20,20,2022,club,"Dr DY Patil Sports Academy, Mumbai",Mumbai Indians,Rajasthan Royals,Mumbai Indians,field,Rajasthan Royals,23.0,,24.0,win,League,2022,Runs
1304056,2022,6,Pune,2022-04-02,Indian Premier League,10.0,male,T20,T20,20,2022,club,"Maharashtra Cricket Association Stadium, Pune",Delhi Capitals,Gujarat Titans,Delhi Capitals,field,Gujarat Titans,14.0,,361.0,win,League,2022,Runs
1304057,2022,6,Mumbai,2022-04-03,Indian Premier League,11.0,male,T20,T20,20,2022,club,"Brabourne Stadium, Mumbai",Chennai Super Kings,Punjab Kings,Chennai Super Kings,field,Punjab Kings,54.0,,3284.0,win,League,2022,Runs
1304058,2022,6,Mumbai,2022-04-04,Indian Premier League,12.0,male,T20,T20,20,2022,club,"Dr DY Patil Sports Academy, Mumbai",Sunrisers Hyderabad,Lucknow Super Giants,Sunrisers Hyderabad,field,Lucknow Super Giants,12.0,,1286.0,win,League,2022,Runs
1304059,2022,6,Mumbai,2022-04-05,Indian Premier League,13.0,male,T20,T20,20,2022,club,"Wankhede Stadium, Mumbai",Royal Challengers Bangalore,Rajasthan Royals,Royal Challengers Bangalore,field,Royal Challengers Bangalore,,4.0,49.0,win,League,2022,Wickets
1304060,2022,6,Pune,2022-04-06,Indian Premier League,14.0,male,T20,T20,20,2022,club,"Maharashtra Cricket Association Stadium, Pune",Kolkata Knight Riders,Mumbai Indians,Kolkata Knight Riders,field,Kolkata Knight Riders,,5.0,184.0,win,League,2022,Wickets
1304061,2022,6,Mumbai,2022-04-07,Indian Premier League,15.0,male,T20,T20,20,2022,club,"Dr DY Patil Sports Academy, Mumbai",Lucknow Super Giants,Delhi Capitals,Lucknow Super Giants,field,Lucknow Super Giants,,6.0,1421.0,win,League,2022,Wickets
1304062,2022,6,Mumbai,2022-04-08,Indian Premier League,16.0,male,T20,T20,20,2022,club,"Brabourne Stadium, Mumbai",Gujarat Titans,Punjab Kings,Gujarat Titans,field,Gujarat Titans,,6.0,1580.0,win,League,2022,Wickets
1304063,2022,6,Mumbai,2022-04-09,Indian Premier League,17.0,male,T20,T20,20,2022,club,"Dr DY Patil Sports Academy, Mumbai",Sunrisers Hyderabad,Chennai Super Kings,Sunrisers Hyderabad,field,Sunrisers Hyderabad,,8.0,2349.0,win,League,2022,Wickets
1304064,2022,6,Pune,2022-04-09,Indian Premier League,18.0,male,T20,T20,20,2022,club,"Maharashtra Cricket Association Stadium, Pune",Royal Challengers Bangalore,Mumbai Indians,Royal Challengers Bangalore,field,Royal Challengers Bangalore,,7.0,5935.0,win,League,2022,Wickets
1304065,2022,6,Mumbai,2022-04-10,Indian Premier League,19.0,male,T20,T20,20,2022,club,"Brabourne Stadium, Mumbai",Kolkata Knight Riders,Delhi Capitals,Kolkata Knight Riders,field,Delhi Capitals,44.0,,64.0,win,League,2022,Runs
1304066,2022,6,Mumbai,2022-04-10,Indian Premier League,20.0,male,T20,T20,20,2022,club,"Wankhede Stadium, Mumbai",Lucknow Super Giants,Rajasthan Royals,Lucknow Super Giants,field,Rajasthan Royals,3.0,,10.0,win,League,2022,Runs
1304067,2022,6,Mumbai,2022-04-11,Indian Premier League,21.0,male,T20,T20,20,2022,club,"Dr DY Patil Sports Academy, Mumbai",Sunrisers Hyderabad,Gujarat Titans,Sunrisers Hyderabad,field,Sunrisers Hyderabad,,8.0,531.0,win,League,2022,Wickets
1304068,2022,6,Mumbai,2022-04-12,Indian Premier League,22.0,male,T20,T20,20,2022,club,"Dr DY Patil Sports Academy, Mumbai",Royal Challengers Bangalore,Chennai Super Kings,Royal Challengers Bangalore,field,Chennai Super Kings,23.0,,2701.0,win,League,2022,Runs
1304069,2022,6,Pune,2022-04-13,Indian Premier League,23.0,male,T20,T20,20,2022,club,"Maharashtra Cricket Association Stadium, Pune",Mumbai Indians,Punjab Kings,Mumbai Indians,field,Punjab Kings,12.0,,35.0,win,League,2022,Runs
1304070,2022,6,Mumbai,2022-04-14,Indian Premier League,24.0,male,T20,T20,20,2022,club,"Dr DY Patil Sports Academy, Mumbai",Rajasthan Royals,Gujarat Titans,Rajasthan Royals,field,Gujarat Titans,37.0,,30.0,win,League,2022,Runs
1304071,2022,6,Mumbai,2022-04-15,Indian Premier League,25.0,male,T20,T20,20,2022,club,"Brabourne Stadium, Mumbai",Sunrisers Hyderabad,Kolkata Knight Riders,Sunrisers Hyderabad,field,Sunrisers Hyderabad,,7.0,268.0,win,League,2022,Wickets
1304072,2022,6,Mumbai,2022-04-16,Indian Premier League,26.0,male,T20,T20,20,2022,club,"Brabourne Stadium, Mumbai",Mumbai Indians,Lucknow Super Giants,Mumbai Indians,field,Lucknow Super Giants,18.0,,1409.0,win,League,2022,Runs
1304073,2022,6,Mumbai,2022-04-16,Indian Premier League,27.0,male,T20,T20,20,2022,club,"Wankhede Stadium, Mumbai",Delhi Capitals,Royal Challengers Bangalore,Delhi Capitals,field,Royal Challengers Bangalore,16.0,,49.0,win,League,2022,Runs
1304074,2022,6,Mumbai,2022-04-17,Indian Premier League,28.0,male,T20,T20,20,2022,club,"Dr DY Patil Sports Academy, Mumbai",Sunrisers Hyderabad,Punjab Kings,Sunrisers Hyderabad,field,Sunrisers Hyderabad,,7.0,6017.0,win,League,2022,Wickets
1304075,2022,6,Pune,2022-04-17,Indian Premier League,29.0,male,T20,T20,20,2022,club,"Maharashtra Cricket Association Stadium, Pune",Gujarat Titans,Chennai Super Kings,Gujarat Titans,field,Gujarat Titans,,3.0,72.0,win,League,2022,Wickets
1304076,2022,6,Mumbai,2022-04-18,Indian Premier League,30.0,male,T20,T20,20,2022,club,"Brabourne Stadium, Mumbai",Kolkata Knight Riders,Rajasthan Royals,Kolkata Knight Riders,field,Rajasthan Royals,7.0,,10.0,win,League,2022,Runs
1304077,2022,6,Mumbai,2022-04-19,Indian Premier League,31.0,male,T20,T20,20,2022,club,"Dr DY Patil Sports Academy, Mumbai",Lucknow Super Giants,Royal Challengers Bangalore,Lucknow Super Giants,field,Royal Challengers Bangalore,18.0,,267.0,win,League,2022,Runs
1304078,2022,6,Mumbai,2022-04-20,Indian Premier League,32.0,male,T20,T20,20,2022,club,"Brabourne Stadium, Mumbai",Delhi Capitals,Punjab Kings,Delhi Capitals,field,Delhi Capitals,,9.0,64.0,win,League,2022,Wickets
1304079,2022,6,Navi Mumbai,2022-04-21,Indian Premier League,33.0,male,T20,T20,20,2022,club,"Dr DY Patil Sports Academy, Mumbai",Chennai Super Kings,Mumbai Indians,Chennai Super Kings,field,Chennai Super Kings,,3.0,6798.0,win,League,2022,Wickets
1304080,2022,6,Mumbai,2022-04-22,Indian Premier League,34.0,male,T20,T20,20,2022,club,"Wankhede Stadium, Mumbai",Delhi Capitals,Rajasthan Royals,Delhi Capitals,field,Rajasthan Royals,15.0,,24.0,win,League,2022,Runs
1304081,2022,6,Navi Mumbai,2022-04-23,Indian Premier League,35.0,male,T20,T20,20,2022,club,"Dr DY Patil Sports Academy, Mumbai",Gujarat Titans,Gujarat Titans,Kolkata Knight Riders,bat,Gujarat Titans,8.0,,22.0,win,League,2022,Runs
1304082,2022,6,Mumbai,2022-04-23,Indian Premier League,36.0,male,T20,T20,20,2022,club,"Brabourne Stadium, Mumbai",Sunrisers Hyderabad,Royal Challengers Bangalore,Sunrisers Hyderabad,field,Sunrisers Hyderabad,,9.0,5343.0,win,League,2022,Wickets
1304083,2022,6,Mumbai,2022-04-24,Indian Premier League,37.0,male,T20,T20,20,2022,club,"Wankhede Stadium, Mumbai",Mumbai Indians,Lucknow Super Giants,Mumbai Indians,field,Lucknow Super Giants,36.0,,1409.0,win,League,2022,Runs
1304084,2022,6,Mumbai,2022-04-25,Indian Premier League,38.0,male,T20,T20,20,2022,club,"Wankhede Stadium, Mumbai",Chennai Super Kings,Punjab Kings,Chennai Super Kings,field,Punjab Kings,11.0,,13.0,win,League,2022,Runs
1304085,2022,6,Pune,2022-04-26,Indian Premier League,39.0,male,T20,T20,20,2022,club,"Maharashtra Cricket Association Stadium, Pune",Royal Challengers Bangalore,Rajasthan Royals,Royal Challengers Bangalore,field,Rajasthan Royals,29.0,,3230.0,win,League,2022,Runs
1304086,2022,6,Mumbai,2022-04-27,Indian Premier League,40.0,male,T20,T20,20,2022,club,"Wankhede Stadium, Mumbai",Gujarat Titans,Sunrisers Hyderabad,Gujarat Titans,field,Gujarat Titans,,5.0,6017.0,win,League,2022,Wickets
1304087,2022,6,Mumbai,2022-04-28,Indian Premier League,41.0,male,T20,T20,20,2022,club,"Wankhede Stadium, Mumbai",Delhi Capitals,Kolkata Knight Riders,Delhi Capitals,field,Delhi Capitals,,4.0,64.0,win,League,2022,Wickets
1304088,2022,6,Pune,2022-04-29,Indian Premier League,42.0,male,T20,T20,20,2022,club,"Maharashtra Cricket Association Stadium, Pune",Punjab Kings,Lucknow Super Giants,Punjab Kings,field,Lucknow Super Giants,20.0,,28.0,win,League,2022,Runs
1304089,2022,6,Mumbai,2022-04-30,Indian Premier League,43.0,male,T20,T20,20,2022,club,"Brabourne Stadium, Mumbai",Royal Challengers Bangalore,Royal Challengers Bangalore,Gujarat Titans,bat,Gujarat Titans,,6.0,1119.0,win,League,2022,Wickets
1304090,2022,6,Navi Mumbai,2022-04-30,Indian Premier League,44.0,male,T20,T20,20,2022,club,"Dr DY Patil Sports Academy, Mumbai",Mumbai Indians,Rajasthan Royals,Mumbai Indians,field,Mumbai Indians,,5.0,61.0,win,League,2022,Wickets
1304091,2022,6,Mumbai,2022-05-01,Indian Premier League,45.0,male,T20,T20,20,2022,club,"Wankhede Stadium, Mumbai",Lucknow Super Giants,Lucknow Super Giants,Delhi Capitals,bat,Lucknow Super Giants,6.0,,6730.0,win,League,2022,Runs
1304092,2022,6,Pune,2022-05-01,Indian Premier League,46.0,male,T20,T20,20,2022,club,"Maharashtra Cricket Association Stadium, Pune",Sunrisers Hyderabad,Chennai Super Kings,Sunrisers Hyderabad,field,Chennai Super Kings,13.0,,4119.0,win,League,2022,Runs
1304093,2022,6,Mumbai,2022-05-02,Indian Premier League,47.0,male,T20,T20,20,2022,club,"Wankhede Stadium, Mumbai",Kolkata Knight Riders,Rajasthan Royals,Kolkata Knight Riders,field,Kolkata Knight Riders,,7.0,1436.0,win,League,2022,Wickets
1304094,2022,6,Navi Mumbai,2022-05-03,Indian Premier League,48.0,male,T20,T20,20,2022,club,"Dr DY Patil Sports Academy, Mumbai",Gujarat Titans,Gujarat Titans,Punjab Kings,bat,Punjab Kings,,8.0,590.0,win,League,2022,Wickets
1304095,2022,6,Pune,2022-05-04,Indian Premier League,49.0,male,T20,T20,20,2022,club,"Maharashtra Cricket Association Stadium, Pune",Chennai Super Kings,Royal Challengers Bangalore,Chennai Super Kings,field,Royal Challengers Bangalore,13.0,,1285.0,win,League,2022,Runs
1304096,2022,6,Mumbai,2022-05-05,Indian Premier League,50.0,male,T20,T20,20,2022,club,"Brabourne Stadium, Mumbai",Sunrisers Hyderabad,Delhi Capitals,Sunrisers Hyderabad,field,Delhi Capitals,21.0,,12.0,win,League,2022,Runs
1304097,2022,6,Mumbai,2022-05-06,Indian Premier League,51.0,male,T20,T20,20,2022,club,"Brabourne Stadium, Mumbai",Gujarat Titans,Mumbai Indians,Gujarat Titans,field,Mumbai Indians,5.0,,6550.0,win,League,2022,Runs
1304098,2022,6,Mumbai,2022-05-07,Indian Premier League,52.0,male,T20,T20,20,2022,club,"Wankhede Stadium, Mumbai",Punjab Kings,Punjab Kings,Rajasthan Royals,bat,Rajasthan Royals,,6.0,4104.0,win,League,2022,Wickets
1304099,2022,6,Pune,2022-05-07,Indian Premier League,53.0,male,T20,T20,20,2022,club,"Maharashtra Cricket Association Stadium, Pune",Kolkata Knight Riders,Lucknow Super Giants,Kolkata Knight Riders,field,Lucknow Super Giants,75.0,,1286.0,win,League,2022,Runs
1304100,2022,6,Mumbai,2022-05-08,Indian Premier League,54.0,male,T20,T20,20,2022,club,"Wankhede Stadium, Mumbai",Royal Challengers Bangalore,Royal Challengers Bangalore,Sunrisers Hyderabad,bat,Royal Challengers Bangalore,67.0,,5980.0,win,League,2022,Runs
1304101,2022,6,Navi Mumbai,2022-05-08,Indian Premier League,55.0,male,T20,T20,20,2022,club,"Dr DY Patil Sports Academy, Mumbai",Delhi Capitals,Chennai Super Kings,Delhi Capitals,field,Chennai Super Kings,91.0,,6657.0,win,League,2022,Runs
1304102,2022,6,Navi Mumbai,2022-05-09,Indian Premier League,56.0,male,T20,T20,20,2022,club,"Dr DY Patil Sports Academy, Mumbai",Mumbai Indians,Kolkata Knight Riders,Mumbai Indians,field,Kolkata Knight Riders,52.0,,33.0,win,League,2022,Runs
1304103,2022,6,Pune,2022-05-10,Indian Premier League,57.0,male,T20,T20,20,2022,club,"Maharashtra Cricket Association Stadium, Pune",Gujarat Titans,Gujarat Titans,Lucknow Super Giants,bat,Gujarat Titans,62.0,,1580.0,win,League,2022,Runs
1304104,2022,6,Navi Mumbai,2022-05-11,Indian Premier League,58.0,male,T20,T20,20,2022,club,"Dr DY Patil Sports Academy, Mumbai",Delhi Capitals,Rajasthan Royals,Delhi Capitals,field,Delhi Capitals,,8.0,4960.0,win,League,2022,Wickets
1304105,2022,6,Mumbai,2022-05-12,Indian Premier League,59.0,male,T20,T20,20,2022,club,"Wankhede Stadium, Mumbai",Mumbai Indians,Chennai Super Kings,Mumbai Indians,field,Mumbai Indians,,5.0,4320.0,win,League,2022,Wickets
1304106,2022,6,Mumbai,2022-05-13,Indian Premier League,60.0,male,T20,T20,20,2022,club,"Brabourne Stadium, Mumbai",Royal Challengers Bangalore,Punjab Kings,Royal Challengers Bangalore,field,Punjab Kings,54.0,,2719.0,win,League,2022,Runs
1304107,2022,6,Pune,2022-05-14,Indian Premier League,61.0,male,T20,T20,20,2022,club,"Maharashtra Cricket Association Stadium, Pune",Kolkata Knight Riders,Kolkata Knight Riders,Sunrisers Hyderabad,bat,Kolkata Knight Riders,54.0,,1437.0,win,League,2022,Runs
1304108,2022,6,Mumbai,2022-05-15,Indian Premier League,62.0,male,T20,T20,20,2022,club,"Wankhede Stadium, Mumbai",Chennai Super Kings,Chennai Super Kings,Gujarat Titans,bat,Gujarat Titans,,7.0,69.0,win,League,2022,Wickets
1304109,2022,6,Mumbai,2022-05-15,Indian Premier League,63.0,male,T20,T20,20,2022,club,"Brabourne Stadium, Mumbai",Rajasthan Royals,Rajasthan Royals,Lucknow Super Giants,bat,Rajasthan Royals,24.0,,66.0,win,League,2022,Runs
1304110,2022,6,Navi Mumbai,2022-05-16,Indian Premier League,64.0,male,T20,T20,20,2022,club,"Dr DY Patil Sports Academy, Mumbai",Punjab Kings,Delhi Capitals,Punjab Kings,field,Delhi Capitals,17.0,,360.0,win,League,2022,Runs
1304111,2022,6,Mumbai,2022-05-17,Indian Premier League,65.0,male,T20,T20,20,2022,club,"Wankhede Stadium, Mumbai",Mumbai Indians,Sunrisers Hyderabad,Mumbai Indians,field,Sunrisers Hyderabad,3.0,,268.0,win,League,2022,Runs
1304112,2022,6,Navi Mumbai,2022-05-18,Indian Premier League,66.0,male,T20,T20,20,2022,club,"Dr DY Patil Sports Academy, Mumbai",Lucknow Super Giants,Lucknow Super Giants,Kolkata Knight Riders,bat,Lucknow Super Giants,2.0,,1421.0,win,League,2022,Runs
1304113,2022,6,Mumbai,2022-05-19,Indian Premier League,67.0,male,T20,T20,20,2022,club,"Wankhede Stadium, Mumbai",Gujarat Titans,Gujarat Titans,Royal Challengers Bangalore,bat,Royal Challengers Bangalore,,8.0,332.0,win,League,2022,Wickets
1304114,2022,6,Mumbai,2022-05-20,Indian Premier League,68.0,male,T20,T20,20,2022,club,"Brabourne Stadium, Mumbai",Chennai Super Kings,Chennai Super Kings,Rajasthan Royals,bat,Rajasthan Royals,,5.0,1416.0,win,League,2022,Wickets
1304115,2022,6,Mumbai,2022-05-21,Indian Premier League,69.0,male,T20,T20,20,2022,club,"Wankhede Stadium, Mumbai",Mumbai Indians,Delhi Capitals,Mumbai Indians,field,Mumbai Indians,,5.0,33.0,win,League,2022,Wickets
1304116,2022,6,Mumbai,2022-05-22,Indian Premier League,70.0,male,T20,T20,20,2022,club,"Wankhede Stadium, Mumbai",Sunrisers Hyderabad,Sunrisers Hyderabad,Punjab Kings,bat,Punjab Kings,,5.0,3495.0,win,League,2022,Wickets
1312197,2022,6,Kolkata,2022-05-24,Indian Premier League,,male,T20,T20,20,2022,club,"Eden Gardens, Kolkata",Gujarat Titans,Rajasthan Royals,Gujarat Titans,field,Gujarat Titans,,7.0,72.0,win,League,2022,Wickets
1312198,2022,6,Kolkata,2022-05-25,Indian Premier League,,male,T20,T20,20,2022,club,"Eden Gardens, Kolkata",Lucknow Super Giants,Royal Challengers Bangalore,Lucknow Super Giants,field,Royal Challengers Bangalore,14.0,,5349.0,win,League,2022,Runs
1312199,2022,6,Ahmedabad,2022-05-27,Indian Premier League,,male,T20,T20,20,2022,club,"Narendra Modi Stadium, Ahmedabad",Rajasthan Royals,Royal Challengers Bangalore,Rajasthan Royals,field,Rajasthan Royals,,7.0,24.0,win,League,2022,Wickets
1312200,2022,6,Ahmedabad,2022-05-29,Indian Premier League,,male,T20,T20,20,2022,club,"Narendra Modi Stadium, Ahmedabad",Rajasthan Royals,Rajasthan Royals,Gujarat Titans,bat,Gujarat Titans,,7.0,30.0,win,League,2022,Wickets
1359475,2023,6,Ahmedabad,2023-03-31,Indian Premier League,1.0,male,T20,T20,20,2023,club,"Narendra Modi Stadium, Ahmedabad",Gujarat Titans,Chennai Super Kings,Gujarat Titans,field,Gujarat Titans,,5.0,22.0,win,League,2023,Wickets
1359476,2023,6,Chandigarh,2023-04-01,Indian Premier League,2.0,male,T20,T20,20,2023,club,"Punjab Cricket Association IS Bindra Stadium, Mohali, Chandigarh",Kolkata Knight Riders,Punjab Kings,Kolkata Knight Riders,field,Punjab Kings,7.0,,3388.0,win,League,2023,Runs
1359477,2023,6,Lucknow,2023-04-01,Indian Premier League,3.0,male,T20,T20,20,2023,club,"Bharat Ratna Shri Atal Bihari Vajpayee Ekana Cricket Stadium, Lucknow",Delhi Capitals,Lucknow Super Giants,Delhi Capitals,field,Lucknow Super Giants,50.0,,1396.0,win,League,2023,Runs
1359478,2023,6,Hyderabad,2023-04-02,Indian Premier League,4.0,male,T20,T20,20,2023,club,"Rajiv Gandhi International Stadium, Uppal, Hyderabad",Sunrisers Hyderabad,Rajasthan Royals,Sunrisers Hyderabad,field,Rajasthan Royals,72.0,,24.0,win,League,2023,Runs
1359479,2023,6,Bengaluru,2023-04-02,Indian Premier League,5.0,male,T20,T20,20,2023,club,"M Chinnaswamy Stadium, Bengaluru",Royal Challengers Bangalore,Mumbai Indians,Royal Challengers Bangalore,field,Royal Challengers Bangalore,,8.0,267.0,win,League,2023,Wickets
1359480,2023,6,Chennai,2023-04-03,Indian Premier League,6.0,male,T20,T20,20,2023,club,"MA Chidambaram Stadium, Chepauk, Chennai",Lucknow Super Giants,Chennai Super Kings,Lucknow Super Giants,field,Chennai Super Kings,12.0,,2227.0,win,League,2023,Runs
1359481,2023,6,Delhi,2023-04-04,Indian Premier League,7.0,male,T20,T20,20,2023,club,"Arun Jaitley Stadium, Delhi",Gujarat Titans,Delhi Capitals,Gujarat Titans,field,Gujarat Titans,,6.0,6999.0,win,League,2023,Wickets
1359482,2023,6,Guwahati,2023-04-05,Indian Premier League,8.0,male,T20,T20,20,2023,club,"Barsapara Cricket Stadium, Guwahati",Rajasthan Royals,Punjab Kings,Rajasthan Royals,field,Punjab Kings,5.0,,6245.0,win,League,2023,Runs
1359483,2023,6,Kolkata,2023-04-06,Indian Premier League,9.0,male,T20,T20,20,2023,club,"Eden Gardens, Kolkata",Royal Challengers Bangalore,Kolkata Knight Riders,Royal Challengers Bangalore,field,Kolkata Knight Riders,81.0,,360.0,win,League,2023,Runs
1359484,2023,6,Lucknow,2023-04-07,Indian Premier League,10.0,male,T20,T20,20,2023,club,"Bharat Ratna Shri Atal Bihari Vajpayee Ekana Cricket Stadium, Lucknow",Sunrisers Hyderabad,Sunrisers Hyderabad,Lucknow Super Giants,bat,Lucknow Super Giants,,5.0,28.0,win,League,2023,Wickets
1359485,2023,6,Guwahati,2023-04-08,Indian Premier League,11.0,male,T20,T20,20,2023,club,"Barsapara Cricket Stadium, Guwahati",Delhi Capitals,Rajasthan Royals,Delhi Capitals,field,Rajasthan Royals,57.0,,4104.0,win,League,2023,Runs
1359486,2023,6,Mumbai,2023-04-08,Indian Premier League,12.0,male,T20,T20,20,2023,club,"Wankhede Stadium, Mumbai",Chennai Super Kings,Mumbai Indians,Chennai Super Kings,field,Chennai Super Kings,,7.0,348.0,win,League,2023,Wickets
1359487,2023,6,Ahmedabad,2023-04-09,Indian Premier League,13.0,male,T20,T20,20,2023,club,"Narendra Modi Stadium, Ahmedabad",Gujarat Titans,Gujarat Titans,Kolkata Knight Riders,bat,Kolkata Knight Riders,,3.0,1436.0,win,League,2023,Wickets
1359488,2023,6,Hyderabad,2023-04-09,Indian Premier League,14.0,male,T20,T20,20,2023,club,"Rajiv Gandhi International Stadium, Uppal, Hyderabad",Sunrisers Hyderabad,Punjab Kings,Sunrisers Hyderabad,field,Sunrisers Hyderabad,,8.0,13.0,win,League,2023,Wickets
1359489,2023,6,Bengaluru,2023-04-10,Indian Premier League,15.0,male,T20,T20,20,2023,club,"M Chinnaswamy Stadium, Bengaluru",Lucknow Super Giants,Royal Challengers Bangalore,Lucknow Super Giants,field,Lucknow Super Giants,,1.0,2766.0,win,League,2023,Wickets
1359490,2023,6,Delhi,2023-04-11,Indian Premier League,16.0,male,T20,T20,20,2023,club,"Arun Jaitley Stadium, Delhi",Mumbai Indians,Delhi Capitals,Mumbai Indians,field,Mumbai Indians,,6.0,25.0,win,League,2023,Wickets
1359491,2023,6,Chennai,2023-04-12,Indian Premier League,17.0,male,T20,T20,20,2023,club,"MA Chidambaram Stadium, Chepauk, Chennai",Chennai Super Kings,Rajasthan Royals,Chennai Super Kings,field,Rajasthan Royals,3.0,,1416.0,win,League,2023,Runs
1359492,2023,6,Chandigarh,2023-04-13,Indian Premier League,18.0,male,T20,T20,20,2023,club,"Punjab Cricket Association IS Bindra Stadium, Mohali, Chandigarh",Gujarat Titans,Punjab Kings,Gujarat Titans,field,Gujarat Titans,,6.0,75.0,win,League,2023,Wickets
1359493,2023,6,Kolkata,2023-04-14,Indian Premier League,19.0,male,T20,T20,20,2023,club,"Eden Gardens, Kolkata",Kolkata Knight Riders,Sunrisers Hyderabad,Kolkata Knight Riders,field,Sunrisers Hyderabad,23.0,,8372.0,win,League,2023,Runs
1359494,2023,6,Bengaluru,2023-04-15,Indian Premier League,20.0,male,T20,T20,20,2023,club,"M Chinnaswamy Stadium, Bengaluru",Delhi Capitals,Royal Challengers Bangalore,Delhi Capitals,field,Royal Challengers Bangalore,23.0,,332.0,win,League,2023,Runs
1359495,2023,6,Lucknow,2023-04-15,Indian Premier League,21.0,male,T20,T20,20,2023,club,"Bharat Ratna Shri Atal Bihari Vajpayee Ekana Cricket Stadium, Lucknow",Punjab Kings,Lucknow Super Giants,Punjab Kings,field,Punjab Kings,,2.0,8312.0,win,League,2023,Wickets
1359496,2023,6,Mumbai,2023-04-16,Indian Premier League,22.0,male,T20,T20,20,2023,club,"Wankhede Stadium, Mumbai",Mumbai Indians,Kolkata Knight Riders,Mumbai Indians,field,Mumbai Indians,,5.0,5986.0,win,League,2023,Wickets
1359497,2023,6,Ahmedabad,2023-04-16,Indian Premier League,23.0,male,T20,T20,20,2023,club,"Narendra Modi Stadium, Ahmedabad",Rajasthan Royals,Gujarat Titans,Rajasthan Royals,field,Rajasthan Royals,,3.0,2700.0,win,League,2023,Wickets
1359498,2023,6,Bengaluru,2023-04-17,Indian Premier League,24.0,male,T20,T20,20,2023,club,"M Chinnaswamy Stadium, Bengaluru",Royal Challengers Bangalore,Chennai Super Kings,Royal Challengers Bangalore,field,Chennai Super Kings,8.0,,6657.0,win,League,2023,Runs
1359499,2023,6,Hyderabad,2023-04-18,Indian Premier League,25.0,male,T20,T20,20,2023,club,"Rajiv Gandhi International Stadium, Uppal, Hyderabad",Sunrisers Hyderabad,Mumbai Indians,Sunrisers Hyderabad,field,Mumbai Indians,14.0,,8383.0,win,League,2023,Runs
1359500,2023,6,Jaipur,2023-04-19,Indian Premier League,26.0,male,T20,T20,20,2023,club,"Sawai Mansingh Stadium, Jaipur",Rajasthan Royals,Lucknow Super Giants,Rajasthan Royals,field,Lucknow Super Giants,10.0,,73.0,win,League,2023,Runs
1359501,2023,6,Chandigarh,2023-04-20,Indian Premier League,27.0,male,T20,T20,20,2023,club,"Punjab Cricket Association IS Bindra Stadium, Mohali, Chandigarh",Punjab Kings,Royal Challengers Bangalore,Punjab Kings,field,Royal Challengers Bangalore,24.0,,538.0,win,League,2023,Runs
1359502,2023,6,Delhi,2023-04-20,Indian Premier League,28.0,male,T20,T20,20,2023,club,"Arun Jaitley Stadium, Delhi",Delhi Capitals,Kolkata Knight Riders,Delhi Capitals,field,Delhi Capitals,,4.0,308.0,win,League,2023,Wickets
1359503,2023,6,Chennai,2023-04-21,Indian Premier League,29.0,male,T20,T20,20,2023,club,"MA Chidambaram Stadium, Chepauk, Chennai",Chennai Super Kings,Sunrisers Hyderabad,Chennai Super Kings,field,Chennai Super Kings,,7.0,348.0,win,League,2023,Wickets
1359504,2023,6,Lucknow,2023-04-22,Indian Premier League,30.0,male,T20,T20,20,2023,club,"Bharat Ratna Shri Atal Bihari Vajpayee Ekana Cricket Stadium, Lucknow",Gujarat Titans,Gujarat Titans,Lucknow Super Giants,bat,Gujarat Titans,7.0,,75.0,win,League,2023,Runs
1359505,2023,6,Mumbai,2023-04-22,Indian Premier League,31.0,male,T20,T20,20,2023,club,"Wankhede Stadium, Mumbai",Mumbai Indians,Punjab Kings,Mumbai Indians,field,Punjab Kings,13.0,,2768.0,win,League,2023,Runs
1359506,2023,6,Bengaluru,2023-04-23,Indian Premier League,32.0,male,T20,T20,20,2023,club,"M Chinnaswamy Stadium, Bengaluru",Rajasthan Royals,Royal Challengers Bangalore,Rajasthan Royals,field,Royal Challengers Bangalore,7.0,,71.0,win,League,2023,Runs
1359507,2023,6,Kolkata,2023-04-23,Indian Premier League,33.0,male,T20,T20,20,2023,club,"Eden Gardens, Kolkata",Kolkata Knight Riders,Chennai Super Kings,Kolkata Knight Riders,field,Chennai Super Kings,49.0,,34.0,win,League,2023,Runs
1359508,2023,6,Hyderabad,2023-04-24,Indian Premier League,34.0,male,T20,T20,20,2023,club,"Rajiv Gandhi International Stadium, Uppal, Hyderabad",Delhi Capitals,Delhi Capitals,Sunrisers Hyderabad,bat,Delhi Capitals,7.0,,70.0,win,League,2023,Runs
1359509,2023,6,Ahmedabad,2023-04-25,Indian Premier League,35.0,male,T20,T20,20,2023,club,"Narendra Modi Stadium, Ahmedabad",Mumbai Indians,Gujarat Titans,Mumbai Indians,field,Gujarat Titans,55.0,,6739.0,win,League,2023,Runs
1359510,2023,6,Bengaluru,2023-04-26,Indian Premier League,36.0,male,T20,T20,20,2023,club,"M Chinnaswamy Stadium, Bengaluru",Royal Challengers Bangalore,Kolkata Knight Riders,Royal Challengers Bangalore,field,Kolkata Knight Riders,21.0,,2825.0,win,League,2023,Runs
1359511,2023,6,Jaipur,2023-04-27,Indian Premier League,37.0,male,T20,T20,20,2023,club,"Sawai Mansingh Stadium, Jaipur",Rajasthan Royals,Rajasthan Royals,Chennai Super Kings,bat,Rajasthan Royals,32.0,,4104.0,win,League,2023,Runs
1359512,2023,6,Chandigarh,2023-04-28,Indian Premier League,38.0,male,T20,T20,20,2023,club,"Punjab Cricket Association IS Bindra Stadium, Mohali, Chandigarh",Punjab Kings,Lucknow Super Giants,Punjab Kings,field,Lucknow Super Giants,56.0,,73.0,win,League,2023,Runs
1359513,2023,6,Kolkata,2023-04-29,Indian Premier League,39.0,male,T20,T20,20,2023,club,"Eden Gardens, Kolkata",Gujarat Titans,Kolkata Knight Riders,Gujarat Titans,field,Gujarat Titans,,7.0,8305.0,win,League,2023,Wickets
1359514,2023,6,Delhi,2023-04-29,Indian Premier League,40.0,male,T20,T20,20,2023,club,"Arun Jaitley Stadium, Delhi",Sunrisers Hyderabad,Sunrisers Hyderabad,Delhi Capitals,bat,Sunrisers Hyderabad,9.0,,4960.0,win,League,2023,Runs
1359515,2023,6,Chennai,2023-04-30,Indian Premier League,41.0,male,T20,T20,20,2023,club,"MA Chidambaram Stadium, Chepauk, Chennai",Chennai Super Kings,Chennai Super Kings,Punjab Kings,bat,Punjab Kings,,4.0,6657.0,win,League,2023,Wickets
1359516,2023,6,Mumbai,2023-04-30,Indian Premier League,42.0,male,T20,T20,20,2023,club,"Wankhede Stadium, Mumbai",Rajasthan Royals,Rajasthan Royals,Mumbai Indians,bat,Mumbai Indians,,6.0,4104.0,win,League,2023,Wickets
1359517,2023,6,Lucknow,2023-05-01,Indian Premier League,43.0,male,T20,T20,20,2023,club,"Bharat Ratna Shri Atal Bihari Vajpayee Ekana Cricket Stadium, Lucknow",Royal Challengers Bangalore,Royal Challengers Bangalore,Lucknow Super Giants,bat,Royal Challengers Bangalore,18.0,,267.0,win,League,2023,Runs
1359518,2023,6,Ahmedabad,2023-05-02,Indian Premier League,44.0,male,T20,T20,20,2023,club,"Narendra Modi Stadium, Ahmedabad",Delhi Capitals,Delhi Capitals,Gujarat Titans,bat,Delhi Capitals,5.0,,460.0,win,League,2023,Runs
1359519,2023,6,Lucknow,2023-05-03,Indian Premier League,45.0,male,T20,T20,20,2023,club,"Bharat Ratna Shri Atal Bihari Vajpayee Ekana Cricket Stadium, Lucknow",Chennai Super Kings,Lucknow Super Giants,Chennai Super Kings,field,,,,,no result,League,2023,No Result / Tie
1359520,2023,6,Chandigarh,2023-05-03,Indian Premier League,46.0,male,T20,T20,20,2023,club,"Punjab Cricket Association IS Bindra Stadium, Mohali, Chandigarh",Mumbai Indians,Punjab Kings,Mumbai Indians,field,Mumbai Indians,,6.0,347.0,win,League,2023,Wickets
1359521,2023,6,Hyderabad,2023-05-04,Indian Premier League,47.0,male,T20,T20,20,2023,club,"Rajiv Gandhi International Stadium, Uppal, Hyderabad",Kolkata Knight Riders,Kolkata Knight Riders,Sunrisers Hyderabad,bat,Kolkata Knight Riders,5.0,,2825.0,win,League,2023,Runs
1359522,2023,6,Jaipur,2023-05-05,Indian Premier League,48.0,male,T20,T20,20,2023,club,"Sawai Mansingh Stadium, Jaipur",Rajasthan Royals,Rajasthan Royals,Gujarat Titans,bat,Gujarat Titans,,9.0,22.0,win,League,2023,Wickets
1359523,2023,6,Chennai,2023-05-06,Indian Premier League,49.0,male,T20,T20,20,2023,club,"MA Chidambaram Stadium, Chepauk, Chennai",Chennai Super Kings,Mumbai Indians,Chennai Super Kings,field,Chennai Super Kings,,6.0,8007.0,win,League,2023,Wickets
1359524,2023,6,Delhi,2023-05-06,Indian Premier League,50.0,male,T20,T20,20,2023,club,"Arun Jaitley Stadium, Delhi",Royal Challengers Bangalore,Royal Challengers Bangalore,Delhi Capitals,bat,Delhi Capitals,,7.0,8945.0,win,League,2023,Wickets
1359525,2023,6,Ahmedabad,2023-05-07,Indian Premier League,51.0,male,T20,T20,20,2023,club,"Narendra Modi Stadium, Ahmedabad",Lucknow Super Giants,Gujarat Titans,Lucknow Super Giants,field,Gujarat Titans,56.0,,1580.0,win,League,2023,Runs
1359526,2023,6,Jaipur,2023-05-07,Indian Premier League,52.0,male,T20,T20,20,2023,club,"Sawai Mansingh Stadium, Jaipur",Rajasthan Royals,Rajasthan Royals,Sunrisers Hyderabad,bat,Sunrisers Hyderabad,,4.0,6033.0,win,League,2023,Wickets
1359527,2023,6,Kolkata,2023-05-08,Indian Premier League,53.0,male,T20,T20,20,2023,club,"Eden Gardens, Kolkata",Punjab Kings,Punjab Kings,Kolkata Knight Riders,bat,Kolkata Knight Riders,,5.0,1437.0,win,League,2023,Wickets
1359528,2023,6,Mumbai,2023-05-09,Indian Premier League,54.0,male,T20,T20,20,2023,club,"Wankhede Stadium, Mumbai",Mumbai Indians,Royal Challengers Bangalore,Mumbai Indians,field,Mumbai Indians,,6.0,61.0,win,League,2023,Wickets
1359529,2023,6,Chennai,2023-05-10,Indian Premier League,55.0,male,T20,T20,20,2023,club,"MA Chidambaram Stadium, Chepauk, Chennai",Chennai Super Kings,Chennai Super Kings,Delhi Capitals,bat,Chennai Super Kings,27.0,,348.0,win,League,2023,Runs
1359530,2023,6,Kolkata,2023-05-11,Indian Premier League,56.0,male,T20,T20,20,2023,club,"Eden Gardens, Kolkata",Rajasthan Royals,Kolkata Knight Riders,Rajasthan Royals,field,Rajasthan Royals,,9.0,4104.0,win,League,2023,Wickets
1359531,2023,6,Mumbai,2023-05-12,Indian Premier League,57.0,male,T20,T20,20,2023,club,"Wankhede Stadium, Mumbai",Gujarat Titans,Mumbai Indians,Gujarat Titans,field,Mumbai Indians,27.0,,61.0,win,League,2023,Runs
1359532,2023,6,Hyderabad,2023-05-13,Indian Premier League,58.0,male,T20,T20,20,2023,club,"Rajiv Gandhi International Stadium, Uppal, Hyderabad",Sunrisers Hyderabad,Sunrisers Hyderabad,Lucknow Super Giants,bat,Lucknow Super Giants,,7.0,8191.0,win,League,2023,Wickets
1359533,2023,6,Delhi,2023-05-13,Indian Premier League,59.0,male,T20,T20,20,2023,club,"Arun Jaitley Stadium, Delhi",Delhi Capitals,Punjab Kings,Delhi Capitals,field,Punjab Kings,31.0,,3747.0,win,League,2023,Runs
1359534,2023,6,Jaipur,2023-05-14,Indian Premier League,60.0,male,T20,T20,20,2023,club,"Sawai Mansingh Stadium, Jaipur",Royal Challengers Bangalore,Royal Challengers Bangalore,Rajasthan Royals,bat,Royal Challengers Bangalore,112.0,,8626.0,win,League,2023,Runs
1359535,2023,6,Chennai,2023-05-14,Indian Premier League,61.0,male,T20,T20,20,2023,club,"MA Chidambaram Stadium, Chepauk, Chennai",Chennai Super Kings,Chennai Super Kings,Kolkata Knight Riders,bat,Kolkata Knight Riders,,6.0,1436.0,win,League,2023,Wickets
1359536,2023,6,Ahmedabad,2023-05-15,Indian Premier League,62.0,male,T20,T20,20,2023,club,"Narendra Modi Stadium, Ahmedabad",Sunrisers Hyderabad,Gujarat Titans,Sunrisers Hyderabad,field,Gujarat Titans,34.0,,1580.0,win,League,2023,Runs
1359537,2023,6,Lucknow,2023-05-16,Indian Premier League,63.0,male,T20,T20,20,2023,club,"Bharat Ratna Shri Atal Bihari Vajpayee Ekana Cricket Stadium, Lucknow",Mumbai Indians,Lucknow Super Giants,Mumbai Indians,field,Lucknow Super Giants,5.0,,73.0,win,League,2023,Runs
1359538,2023,6,Dharamsala,2023-05-17,Indian Premier League,64.0,male,T20,T20,20,2023,club,"Himachal Pradesh Cricket Association Stadium, Dharamsala",Punjab Kings,Delhi Capitals,Punjab Kings,field,Delhi Capitals,15.0,,8349.0,win,League,2023,Runs
1359539,2023,6,Hyderabad,2023-05-18,Indian Premier League,65.0,male,T20,T20,20,2023,club,"Rajiv Gandhi International Stadium, Uppal, Hyderabad",Royal Challengers Bangalore,Sunrisers Hyderabad,Royal Challengers Bangalore,field,Royal Challengers Bangalore,,8.0,332.0,win,League,2023,Wickets
1359540,2023,6,Dharamsala,2023-05-19,Indian Premier League,66.0,male,T20,T20,20,2023,club,"Himachal Pradesh Cricket Association Stadium, Dharamsala",Rajasthan Royals,Punjab Kings,Rajasthan Royals,field,Rajasthan Royals,,4.0,4071.0,win,League,2023,Wickets
1359541,2023,6,Delhi,2023-05-20,Indian Premier League,67.0,male,T20,T20,20,2023,club,"Arun Jaitley Stadium, Delhi",Chennai Super Kings,Chennai Super Kings,Delhi Capitals,bat,Chennai Super Kings,77.0,,4119.0,win,League,2023,Runs
1359542,2023,6,Kolkata,2023-05-20,Indian Premier League,68.0,male,T20,T20,20,2023,club,"Eden Gardens, Kolkata",Kolkata Knight Riders,Lucknow Super Giants,Kolkata Knight Riders,field,Lucknow Super Giants,1.0,,2766.0,win,League,2023,Runs
1359543,2023,6,Mumbai,2023-05-21,Indian Premier League,69.0,male,T20,T20,20,2023,club,"Wankhede Stadium, Mumbai",Mumbai Indians,Sunrisers Hyderabad,Mumbai Indians,field,Mumbai Indians,,8.0,8383.0,win,League,2023,Wickets
1359544,2023,6,Bengaluru,2023-05-21,Indian Premier League,70.0,male,T20,T20,20,2023,club,"M Chinnaswamy Stadium, Bengaluru",Gujarat Titans,Royal Challengers Bangalore,Gujarat Titans,field,Gujarat Titans,,6.0,1580.0,win,League,2023,Wickets
1370350,2023,6,Chennai,2023-05-23,Indian Premier League,,male,T20,T20,20,2023,club,"MA Chidambaram Stadium, Chepauk, Chennai",Gujarat Titans,Chennai Super Kings,Gujarat Titans,field,Chennai Super Kings,15.0,,4119.0,win,League,2023,Runs
1370351,2023,6,Chennai,2023-05-24,Indian Premier League,,male,T20,T20,20,2023,club,"MA Chidambaram Stadium, Chepauk, Chennai",Mumbai Indians,Mumbai Indians,Lucknow Super Giants,bat,Mumbai Indians,81.0,,9371.0,win,League,2023,Runs
1370352,2023,6,Ahmedabad,2023-05-26,Indian Premier League,,male,T20,T20,20,2023,club,"Narendra Modi Stadium, Ahmedabad",Mumbai Indians,Gujarat Titans,Mumbai Indians,field,Gujarat Titans,62.0,,1580.0,win,League,2023,Runs
1370353,2023,6,Ahmedabad,2023-05-29,Indian Premier League,,male,T20,T20,20,2023,club,"Narendra Modi Stadium, Ahmedabad",Chennai Super Kings,Gujarat Titans,Chennai Super Kings,field,Chennai Super Kings,,5.0,6657.0,win,League,2023,Wickets
1422119,2024,6,Chennai,2024-03-22,Indian Premier League,1.0,male,T20,T20,20,2024,club,"MA Chidambaram Stadium, Chepauk, Chennai",Royal Challengers Bangalore,Royal Challengers Bangalore,Chennai Super Kings,bat,Chennai Super Kings,,6.0,297.0,win,League,2024,Wickets
1422120,2024,6,Mohali,2024-03-23,Indian Premier League,2.0,male,T20,T20,20,2024,club,"Maharaja Yadavindra Singh International Cricket Stadium, Mullanpur",Punjab Kings,Delhi Capitals,Punjab Kings,field,Punjab Kings,,4.0,2768.0,win,League,2024,Wickets
1422121,2024,6,Kolkata,2024-03-23,Indian Premier League,3.0,male,T20,T20,20,2024,club,"Eden Gardens, Kolkata",Sunrisers Hyderabad,Kolkata Knight Riders,Sunrisers Hyderabad,field,Kolkata Knight Riders,4.0,,1437.0,win,League,2024,Runs
1422122,2024,6,Jaipur,2024-03-24,Indian Premier League,4.0,male,T20,T20,20,2024,club,"Sawai Mansingh Stadium, Jaipur",Rajasthan Royals,Rajasthan Royals,Lucknow Super Giants,bat,Rajasthan Royals,20.0,,180.0,win,League,2024,Runs
1422123,2024,6,Ahmedabad,2024-03-24,Indian Premier League,5.0,male,T20,T20,20,2024,club,"Narendra Modi Stadium, Ahmedabad",Mumbai Indians,Gujarat Titans,Mumbai Indians,field,Gujarat Titans,6.0,,6999.0,win,League,2024,Runs
1422124,2024,6,Bengaluru,2024-03-25,Indian Premier League,6.0,male,T20,T20,20,2024,club,"M Chinnaswamy Stadium, Bengaluru",Royal Challengers Bangalore,Punjab Kings,Royal Challengers Bangalore,field,Royal Challengers Bangalore,,4.0,332.0,win,League,2024,Wickets
1422125,2024,6,Chennai,2024-03-26,Indian Premier League,7.0,male,T20,T20,20,2024,club,"MA Chidambaram Stadium, Chepauk, Chennai",Gujarat Titans,Chennai Super Kings,Gujarat Titans,field,Chennai Super Kings,63.0,,2701.0,win,League,2024,Runs
1422126,2024,6,Hyderabad,2024-03-27,Indian Premier League,8.0,male,T20,T20,20,2024,club,"Rajiv Gandhi International Stadium, Uppal, Hyderabad",Mumbai Indians,Sunrisers Hyderabad,Mumbai Indians,field,Sunrisers Hyderabad,31.0,,2349.0,win,League,2024,Runs
1422127,2024,6,Jaipur,2024-03-28,Indian Premier League,9.0,male,T20,T20,20,2024,club,"Sawai Mansingh Stadium, Jaipur",Delhi Capitals,Rajasthan Royals,Delhi Capitals,field,Rajasthan Royals,12.0,,3230.0,win,League,2024,Runs
1422128,2024,6,Bengaluru,2024-03-29,Indian Premier League,10.0,male,T20,T20,20,2024,club,"M Chinnaswamy Stadium, Bengaluru",Kolkata Knight Riders,Royal Challengers Bangalore,Kolkata Knight Riders,field,Kolkata Knight Riders,,7.0,65.0,win,League,2024,Wickets
1422129,2024,6,Lucknow,2024-03-30,Indian Premier League,11.0,male,T20,T20,20,2024,club,"Bharat Ratna Shri Atal Bihari Vajpayee Ekana Cricket Stadium, Lucknow",Lucknow Super Giants,Lucknow Super Giants,Punjab Kings,bat,Lucknow Super Giants,21.0,,10302.0,win,League,2024,Runs
1422130,2024,6,Ahmedabad,2024-03-31,Indian Premier League,12.0,male,T20,T20,20,2024,club,"Narendra Modi Stadium, Ahmedabad",Sunrisers Hyderabad,Sunrisers Hyderabad,Gujarat Titans,bat,Gujarat Titans,,7.0,75.0,win,League,2024,Wickets
1422131,2024,6,Visakhapatnam,2024-03-31,Indian Premier League,13.0,male,T20,T20,20,2024,club,"Dr. Y.S. Rajasekhara Reddy ACA-VDCA Cricket Stadium, Visakhapatnam",Delhi Capitals,Delhi Capitals,Chennai Super Kings,bat,Delhi Capitals,20.0,,2662.0,win,League,2024,Runs
1422132,2024,6,Mumbai,2024-04-01,Indian Premier League,14.0,male,T20,T20,20,2024,club,"Wankhede Stadium, Mumbai",Rajasthan Royals,Mumbai Indians,Rajasthan Royals,field,Rajasthan Royals,,6.0,66.0,win,League,2024,Wickets
1422133,2024,6,Bengaluru,2024-04-02,Indian Premier League,15.0,male,T20,T20,20,2024,club,"M Chinnaswamy Stadium, Bengaluru",Royal Challengers Bangalore,Lucknow Super Giants,Royal Challengers Bangalore,field,Lucknow Super Giants,28.0,,10302.0,win,League,2024,Runs
1422134,2024,6,Visakhapatnam,2024-04-03,Indian Premier League,16.0,male,T20,T20,20,2024,club,"Dr. Y.S. Rajasekhara Reddy ACA-VDCA Cricket Stadium, Visakhapatnam",Kolkata Knight Riders,Kolkata Knight Riders,Delhi Capitals,bat,Kolkata Knight Riders,106.0,,65.0,win,League,2024,Runs
1422135,2024,6,Ahmedabad,2024-04-04,Indian Premier League,17.0,male,T20,T20,20,2024,club,"Narendra Modi Stadium, Ahmedabad",Punjab Kings,Gujarat Titans,Punjab Kings,field,Punjab Kings,,3.0,7024.0,win,League,2024,Wickets
1422136,2024,6,Hyderabad,2024-04-05,Indian Premier League,18.0,male,T20,T20,20,2024,club,"Rajiv Gandhi International Stadium, Uppal, Hyderabad",Sunrisers Hyderabad,Chennai Super Kings,Sunrisers Hyderabad,field,Sunrisers Hyderabad,,6.0,2349.0,win,League,2024,Wickets
1422137,2024,6,Jaipur,2024-04-06,Indian Premier League,19.0,male,T20,T20,20,2024,club,"Sawai Mansingh Stadium, Jaipur",Rajasthan Royals,Royal Challengers Bangalore,Rajasthan Royals,field,Rajasthan Royals,,6.0,24.0,win,League,2024,Wickets
1422138,2024,6,Mumbai,2024-04-07,Indian Premier League,20.0,male,T20,T20,20,2024,club,"Wankhede Stadium, Mumbai",Delhi Capitals,Mumbai Indians,Delhi Capitals,field,Mumbai Indians,29.0,,6761.0,win,League,2024,Runs
1422139,2024,6,Lucknow,2024-04-07,Indian Premier League,21.0,male,T20,T20,20,2024,club,"Bharat Ratna Shri Atal Bihari Vajpayee Ekana Cricket Stadium, Lucknow",Lucknow Super Giants,Lucknow Super Giants,Gujarat Titans,bat,Lucknow Super Giants,33.0,,8425.0,win,League,2024,Runs
1426260,2024,6,Chennai,2024-04-08,Indian Premier League,22.0,male,T20,T20,20,2024,club,"MA Chidambaram Stadium, Chepauk, Chennai",Chennai Super Kings,Kolkata Knight Riders,Chennai Super Kings,field,Chennai Super Kings,,7.0,348.0,win,League,2024,Wickets
1426261,2024,6,Mohali,2024-04-09,Indian Premier League,23.0,male,T20,T20,20,2024,club,"Maharaja Yadavindra Singh International Cricket Stadium, Mullanpur",Punjab Kings,Sunrisers Hyderabad,Punjab Kings,field,Sunrisers Hyderabad,2.0,,9824.0,win,League,2024,Runs
1426262,2024,6,Jaipur,2024-04-10,Indian Premier League,24.0,male,T20,T20,20,2024,club,"Sawai Mansingh Stadium, Jaipur",Gujarat Titans,Rajasthan Royals,Gujarat Titans,field,Gujarat Titans,,3.0,22.0,win,League,2024,Wickets
1426263,2024,6,Mumbai,2024-04-11,Indian Premier League,25.0,male,T20,T20,20,2024,club,"Wankhede Stadium, Mumbai",Mumbai Indians,Royal Challengers Bangalore,Mumbai Indians,field,Mumbai Indians,,7.0,33.0,win,League,2024,Wickets
1426264,2024,6,Lucknow,2024-04-12,Indian Premier League,26.0,male,T20,T20,20,2024,club,"Bharat Ratna Shri Atal Bihari Vajpayee Ekana Cricket Stadium, Lucknow",Lucknow Super Giants,Lucknow Super Giants,Delhi Capitals,bat,Delhi Capitals,,6.0,64.0,win,League,2024,Wickets
1426265,2024,6,Mohali,2024-04-13,Indian Premier League,27.0,male,T20,T20,20,2024,club,"Maharaja Yadavindra Singh International Cricket Stadium, Mullanpur",Rajasthan Royals,Punjab Kings,Rajasthan Royals,field,Rajasthan Royals,,3.0,2700.0,win,League,2024,Wickets
1426266,2024,6,Kolkata,2024-04-14,Indian Premier League,28.0,male,T20,T20,20,2024,club,"Eden Gardens, Kolkata",Kolkata Knight Riders,Lucknow Super Giants,Kolkata Knight Riders,field,Kolkata Knight Riders,,8.0,8945.0,win,League,2024,Wickets
1426267,2024,6,Mumbai,2024-04-14,Indian Premier League,29.0,male,T20,T20,20,2024,club,"Wankhede Stadium, Mumbai",Mumbai Indians,Chennai Super Kings,Mumbai Indians,field,Chennai Super Kings,20.0,,8007.0,win,League,2024,Runs
1426268,2024,6,Bengaluru,2024-04-15,Indian Premier League,30.0,male,T20,T20,20,2024,club,"M Chinnaswamy Stadium, Bengaluru",Royal Challengers Bangalore,Sunrisers Hyderabad,Royal Challengers Bangalore,field,Sunrisers Hyderabad,25.0,,3.0,win,League,2024,Runs
1426269,2024,6,Kolkata,2024-04-16,Indian Premier League,31.0,male,T20,T20,20,2024,club,"Eden Gardens, Kolkata",Rajasthan Royals,Kolkata Knight Riders,Rajasthan Royals,field,Rajasthan Royals,,2.0,24.0,win,League,2024,Wickets
1426270,2024,6,Ahmedabad,2024-04-17,Indian Premier League,32.0,male,T20,T20,20,2024,club,"Narendra Modi Stadium, Ahmedabad",Delhi Capitals,Gujarat Titans,Delhi Capitals,field,Delhi Capitals,,6.0,181.0,win,League,2024,Wickets
1426271,2024,6,Mohali,2024-04-18,Indian Premier League,33.0,male,T20,T20,20,2024,club,"Maharaja Yadavindra Singh International Cricket Stadium, Mullanpur",Punjab Kings,Mumbai Indians,Punjab Kings,field,Mumbai Indians,9.0,,33.0,win,League,2024,Runs
1426272,2024,6,Lucknow,2024-04-19,Indian Premier League,34.0,male,T20,T20,20,2024,club,"Bharat Ratna Shri Atal Bihari Vajpayee Ekana Cricket Stadium, Lucknow",Lucknow Super Giants,Chennai Super Kings,Lucknow Super Giants,field,Lucknow Super Giants,,8.0,1409.0,win,League,2024,Wickets
1426273,2024,6,Delhi,2024-04-20,Indian Premier League,35.0,male,T20,T20,20,2024,club,"Arun Jaitley Stadium, Delhi",Delhi Capitals,Sunrisers Hyderabad,Delhi Capitals,field,Sunrisers Hyderabad,67.0,,3.0,win,League,2024,Runs
1426274,2024,6,Kolkata,2024-04-21,Indian Premier League,36.0,male,T20,T20,20,2024,club,"Eden Gardens, Kolkata",Royal Challengers Bangalore,Kolkata Knight Riders,Royal Challengers Bangalore,field,Kolkata Knight Riders,1.0,,1437.0,win,League,2024,Runs
1426275,2024,6,Mohali,2024-04-21,Indian Premier League,37.0,male,T20,T20,20,2024,club,"Maharaja Yadavindra Singh International Cricket Stadium, Mullanpur",Punjab Kings,Punjab Kings,Gujarat Titans,bat,Gujarat Titans,,3.0,7895.0,win,League,2024,Wickets
1426276,2024,6,Jaipur,2024-04-22,Indian Premier League,38.0,male,T20,T20,20,2024,club,"Sawai Mansingh Stadium, Jaipur",Mumbai Indians,Mumbai Indians,Rajasthan Royals,bat,Rajasthan Royals,,9.0,76.0,win,League,2024,Wickets
1426277,2024,6,Chennai,2024-04-23,Indian Premier League,39.0,male,T20,T20,20,2024,club,"MA Chidambaram Stadium, Chepauk, Chennai",Lucknow Super Giants,Chennai Super Kings,Lucknow Super Giants,field,Lucknow Super Giants,,6.0,73.0,win,League,2024,Wickets
1426278,2024,6,Delhi,2024-04-24,Indian Premier League,40.0,male,T20,T20,20,2024,club,"Arun Jaitley Stadium, Delhi",Gujarat Titans,Delhi Capitals,Gujarat Titans,field,Delhi Capitals,4.0,,181.0,win,League,2024,Runs
1426279,2024,6,Hyderabad,2024-04-25,Indian Premier League,41.0,male,T20,T20,20,2024,club,"Rajiv Gandhi International Stadium, Uppal, Hyderabad",Royal Challengers Bangalore,Royal Challengers Bangalore,Sunrisers Hyderabad,bat,Royal Challengers Bangalore,35.0,,5349.0,win,League,2024,Runs
1426280,2024,6,Kolkata,2024-04-26,Indian Premier League,42.0,male,T20,T20,20,2024,club,"Eden Gardens, Kolkata",Punjab Kings,Kolkata Knight Riders,Punjab Kings,field,Punjab Kings,,8.0,2719.0,win,League,2024,Wickets
1426281,2024,6,Delhi,2024-04-27,Indian Premier League,43.0,male,T20,T20,20,2024,club,"Arun Jaitley Stadium, Delhi",Mumbai Indians,Delhi Capitals,Mumbai Indians,field,Delhi Capitals,10.0,,10667.0,win,League,2024,Runs
1426282,2024,6,Lucknow,2024-04-27,Indian Premier League,44.0,male,T20,T20,20,2024,club,"Bharat Ratna Shri Atal Bihari Vajpayee Ekana Cricket Stadium, Lucknow",Rajasthan Royals,Lucknow Super Giants,Rajasthan Royals,field,Rajasthan Royals,,7.0,180.0,win,League,2024,Wickets
1426283,2024,6,Ahmedabad,2024-04-28,Indian Premier League,45.0,male,T20,T20,20,2024,club,"Narendra Modi Stadium, Ahmedabad",Royal Challengers Bangalore,Gujarat Titans,Royal Challengers Bangalore,field,Royal Challengers Bangalore,,9.0,10630.0,win,League,2024,Wickets
1426284,2024,6,Chennai,2024-04-28,Indian Premier League,46.0,male,T20,T20,20,2024,club,"MA Chidambaram Stadium, Chepauk, Chennai",Sunrisers Hyderabad,Chennai Super Kings,Sunrisers Hyderabad,field,Chennai Super Kings,78.0,,4119.0,win,League,2024,Runs
1426285,2024,6,Kolkata,2024-04-29,Indian Premier League,47.0,male,T20,T20,20,2024,club,"Eden Gardens, Kolkata",Delhi Capitals,Delhi Capitals,Kolkata Knight Riders,bat,Kolkata Knight Riders,,7.0,2825.0,win,League,2024,Wickets
1426286,2024,6,Lucknow,2024-04-30,Indian Premier League,48.0,male,T20,T20,20,2024,club,"Bharat Ratna Shri Atal Bihari Vajpayee Ekana Cricket Stadium, Lucknow",Lucknow Super Giants,Mumbai Indians,Lucknow Super Giants,field,Lucknow Super Giants,,4.0,73.0,win,League,2024,Wickets
1426287,2024,6,Chennai,2024-05-01,Indian Premier League,49.0,male,T20,T20,20,2024,club,"MA Chidambaram Stadium, Chepauk, Chennai",Punjab Kings,Chennai Super Kings,Punjab Kings,field,Punjab Kings,,7.0,3495.0,win,League,2024,Wickets
1426288,2024,6,Hyderabad,2024-05-02,Indian Premier League,50.0,male,T20,T20,20,2024,club,"Rajiv Gandhi International Stadium, Uppal, Hyderabad",Sunrisers Hyderabad,Sunrisers Hyderabad,Rajasthan Royals,bat,Sunrisers Hyderabad,1.0,,20.0,win,League,2024,Runs
1426289,2024,6,Mumbai,2024-05-03,Indian Premier League,51.0,male,T20,T20,20,2024,club,"Wankhede Stadium, Mumbai",Mumbai Indians,Kolkata Knight Riders,Mumbai Indians,field,Kolkata Knight Riders,24.0,,5986.0,win,League,2024,Runs
1426290,2024,6,Bengaluru,2024-05-04,Indian Premier League,52.0,male,T20,T20,20,2024,club,"M Chinnaswamy Stadium, Bengaluru",Royal Challengers Bangalore,Gujarat Titans,Royal Challengers Bangalore,field,Royal Challengers Bangalore,,4.0,538.0,win,League,2024,Wickets
1426291,2024,6,Dharamsala,2024-05-05,Indian Premier League,53.0,male,T20,T20,20,2024,club,"Himachal Pradesh Cricket Association Stadium, Dharamsala",Punjab Kings,Chennai Super Kings,Punjab Kings,field,Chennai Super Kings,28.0,,348.0,win,League,2024,Runs
1426292,2024,6,Lucknow,2024-05-05,Indian Premier League,54.0,male,T20,T20,20,2024,club,"Bharat Ratna Shri Atal Bihari Vajpayee Ekana Cricket Stadium, Lucknow",Lucknow Super Giants,Kolkata Knight Riders,Lucknow Super Giants,field,Kolkata Knight Riders,98.0,,65.0,win,League,2024,Runs
1426293,2024,6,Mumbai,2024-05-06,Indian Premier League,55.0,male,T20,T20,20,2024,club,"Wankhede Stadium, Mumbai",Mumbai Indians,Sunrisers Hyderabad,Mumbai Indians,field,Mumbai Indians,,7.0,61.0,win,League,2024,Wickets
1426294,2024,6,Delhi,2024-05-07,Indian Premier League,56.0,male,T20,T20,20,2024,club,"Arun Jaitley Stadium, Delhi",Rajasthan Royals,Delhi Capitals,Rajasthan Royals,field,Delhi Capitals,20.0,,64.0,win,League,2024,Runs
1426295,2024,6,Hyderabad,2024-05-08,Indian Premier League,57.0,male,T20,T20,20,2024,club,"Rajiv Gandhi International Stadium, Uppal, Hyderabad",Lucknow Super Giants,Lucknow Super Giants,Sunrisers Hyderabad,bat,Sunrisers Hyderabad,,10.0,3.0,win,League,2024,Wickets
1426296,2024,6,Dharamsala,2024-05-09,Indian Premier League,58.0,male,T20,T20,20,2024,club,"Himachal Pradesh Cricket Association Stadium, Dharamsala",Punjab Kings,Royal Challengers Bangalore,Punjab Kings,field,Royal Challengers Bangalore,60.0,,332.0,win,League,2024,Runs
1426297,2024,6,Ahmedabad,2024-05-10,Indian Premier League,59.0,male,T20,T20,20,2024,club,"Narendra Modi Stadium, Ahmedabad",Chennai Super Kings,Gujarat Titans,Chennai Super Kings,field,Gujarat Titans,35.0,,1580.0,win,League,2024,Runs
1426298,2024,6,Kolkata,2024-05-11,Indian Premier League,60.0,male,T20,T20,20,2024,club,"Eden Gardens, Kolkata",Mumbai Indians,Kolkata Knight Riders,Mumbai Indians,field,Kolkata Knight Riders,18.0,,2825.0,win,League,2024,Runs
1426299,2024,6,Chennai,2024-05-12,Indian Premier League,61.0,male,T20,T20,20,2024,club,"MA Chidambaram Stadium, Chepauk, Chennai",Rajasthan Royals,Rajasthan Royals,Chennai Super Kings,bat,Chennai Super Kings,,5.0,7652.0,win,League,2024,Wickets
1426300,2024,6,Bengaluru,2024-05-12,Indian Premier League,62.0,male,T20,T20,20,2024,club,"M Chinnaswamy Stadium, Bengaluru",Delhi Capitals,Royal Challengers Bangalore,Delhi Capitals,field,Royal Challengers Bangalore,47.0,,8383.0,win,League,2024,Runs
1426302,2024,6,Delhi,2024-05-14,Indian Premier League,64.0,male,T20,T20,20,2024,club,"Arun Jaitley Stadium, Delhi",Lucknow Super Giants,Delhi Capitals,Lucknow Super Giants,field,Delhi Capitals,19.0,,308.0,win,League,2024,Runs
1426303,2024,6,Guwahati,2024-05-15,Indian Premier League,65.0,male,T20,T20,20,2024,club,"Barsapara Cricket Stadium, Guwahati",Rajasthan Royals,Rajasthan Royals,Punjab Kings,bat,Punjab Kings,,5.0,2768.0,win,League,2024,Wickets
1426305,2024,6,Mumbai,2024-05-17,Indian Premier League,67.0,male,T20,T20,20,2024,club,"Wankhede Stadium, Mumbai",Mumbai Indians,Lucknow Super Giants,Mumbai Indians,field,Lucknow Super Giants,18.0,,2766.0,win,League,2024,Runs
1426306,2024,6,Bengaluru,2024-05-18,Indian Premier League,68.0,male,T20,T20,20,2024,club,"M Chinnaswamy Stadium, Bengaluru",Chennai Super Kings,Royal Challengers Bangalore,Chennai Super Kings,field,Royal Challengers Bangalore,27.0,,267.0,win,League,2024,Runs
1426307,2024,6,Hyderabad,2024-05-19,Indian Premier League,69.0,male,T20,T20,20,2024,club,"Rajiv Gandhi International Stadium, Uppal, Hyderabad",Punjab Kings,Punjab Kings,Sunrisers Hyderabad,bat,Sunrisers Hyderabad,,4.0,2349.0,win,League,2024,Wickets
1426309,2024,6,Ahmedabad,2024-05-21,Indian Premier League,,male,T20,T20,20,2024,club,"Narendra Modi Stadium, Ahmedabad",Sunrisers Hyderabad,Sunrisers Hyderabad,Kolkata Knight Riders,bat,Kolkata Knight Riders,,8.0,10109.0,win,League,2024,Wickets
1426310,2024,6,Ahmedabad,2024-05-22,Indian Premier League,,male,T20,T20,20,2024,club,"Narendra Modi Stadium, Ahmedabad",Rajasthan Royals,Royal Challengers Bangalore,Rajasthan Royals,field,Rajasthan Royals,,4.0,1416.0,win,League,2024,Wickets
1426311,2024,6,Chennai,2024-05-24,Indian Premier League,,male,T20,T20,20,2024,club,"MA Chidambaram Stadium, Chepauk, Chennai",Rajasthan Royals,Sunrisers Hyderabad,Rajasthan Royals,field,Sunrisers Hyderabad,36.0,,4310.0,win,League,2024,Runs
1426312,2024,6,Chennai,2024-05-26,Indian Premier League,,male,T20,T20,20,2024,club,"MA Chidambaram Stadium, Chepauk, Chennai",Sunrisers Hyderabad,Sunrisers Hyderabad,Kolkata Knight Riders,bat,Kolkata Knight Riders,,8.0,10109.0,win,League,2024,Wickets
1473438,2025,6,Kolkata,2025-03-22,Indian Premier League,1.0,male,T20,T20,20,2025,club,"Eden Gardens, Kolkata",Royal Challengers Bangalore,Kolkata Knight Riders,Royal Challengers Bangalore,field,Royal Challengers Bangalore,,7.0,28.0,win,League,2025,Wickets
1473439,2025,6,Hyderabad,2025-03-23,Indian Premier League,2.0,male,T20,T20,20,2025,club,"Rajiv Gandhi International Stadium, Uppal, Hyderabad",Rajasthan Royals,Sunrisers Hyderabad,Rajasthan Royals,field,Sunrisers Hyderabad,44.0,,347.0,win,League,2025,Runs
1473440,2025,6,Chennai,2025-03-23,Indian Premier League,3.0,male,T20,T20,20,2025,club,"MA Chidambaram Stadium, Chepauk, Chennai",Chennai Super Kings,Mumbai Indians,Chennai Super Kings,field,Chennai Super Kings,,4.0,8809.0,win,League,2025,Wickets
1473441,2025,6,Visakhapatnam,2025-03-24,Indian Premier League,4.0,male,T20,T20,20,2025,club,"Dr. Y.S. Rajasekhara Reddy ACA-VDCA Cricket Stadium, Visakhapatnam",Delhi Capitals,Lucknow Super Giants,Delhi Capitals,field,Delhi Capitals,,1.0,10456.0,win,League,2025,Wickets
1473442,2025,6,Ahmedabad,2025-03-25,Indian Premier League,5.0,male,T20,T20,20,2025,club,"Narendra Modi Stadium, Ahmedabad",Gujarat Titans,Punjab Kings,Gujarat Titans,field,Punjab Kings,11.0,,389.0,win,League,2025,Runs
1473443,2025,6,Guwahati,2025-03-26,Indian Premier League,6.0,male,T20,T20,20,2025,club,"Barsapara Cricket Stadium, Guwahati",Kolkata Knight Riders,Rajasthan Royals,Kolkata Knight Riders,field,Kolkata Knight Riders,,8.0,1421.0,win,League,2025,Wickets
1473444,2025,6,Hyderabad,2025-03-27,Indian Premier League,7.0,male,T20,T20,20,2025,club,"Rajiv Gandhi International Stadium, Uppal, Hyderabad",Lucknow Super Giants,Sunrisers Hyderabad,Lucknow Super Giants,field,Lucknow Super Giants,,5.0,360.0,win,League,2025,Wickets
1473445,2025,6,Chennai,2025-03-28,Indian Premier League,8.0,male,T20,T20,20,2025,club,"MA Chidambaram Stadium, Chepauk, Chennai",Chennai Super Kings,Royal Challengers Bangalore,Chennai Super Kings,field,Royal Challengers Bangalore,50.0,,5349.0,win,League,2025,Runs
335983,2008,6,Chandigarh,2008-04-19,Indian Premier League,2.0,male,T20,T20,20,2008,club,"Punjab Cricket Association Stadium, Mohali",Chennai Super Kings,Punjab Kings,Chennai Super Kings,bat,Chennai Super Kings,33.0,,11943.0,win,League,2008,Runs
335984,2008,6,Delhi,2008-04-19,Indian Premier League,3.0,male,T20,T20,20,2008,club,Feroz Shah Kotla,Rajasthan Royals,Delhi Capitals,Rajasthan Royals,bat,Delhi Capitals,,9.0,11982.0,win,League,2008,Wickets
335985,2008,6,Mumbai,2008-04-20,Indian Premier League,5.0,male,T20,T20,20,2008,club,Wankhede Stadium,Mumbai Indians,Mumbai Indians,Royal Challengers Bangalore,bat,Royal Challengers Bangalore,,5.0,11935.0,win,League,2008,Wickets
335986,2008,6,Kolkata,2008-04-20,Indian Premier League,4.0,male,T20,T20,20,2008,club,Eden Gardens,Sunrisers Hyderabad,Kolkata Knight Riders,Sunrisers Hyderabad,bat,Kolkata Knight Riders,,5.0,11922.0,win,League,2008,Wickets
335987,2008,6,Jaipur,2008-04-21,Indian Premier League,6.0,male,T20,T20,20,2008,club,Sawai Mansingh Stadium,Punjab Kings,Rajasthan Royals,Punjab Kings,bat,Rajasthan Royals,,6.0,5.0,win,League,2008,Wickets
335988,2008,6,Hyderabad,2008-04-22,Indian Premier League,7.0,male,T20,T20,20,2008,club,"Rajiv Gandhi International Stadium, Uppal",Sunrisers Hyderabad,Sunrisers Hyderabad,Delhi Capitals,bat,Delhi Capitals,,9.0,11975.0,win,League,2008,Wickets
335989,2008,6,Chennai,2008-04-23,Indian Premier League,8.0,male,T20,T20,20,2008,club,"MA Chidambaram Stadium, Chepauk",Mumbai Indians,Chennai Super Kings,Mumbai Indians,field,Chennai Super Kings,6.0,,11942.0,win,League,2008,Runs
335990,2008,6,Hyderabad,2008-04-24,Indian Premier League,9.0,male,T20,T20,20,2008,club,"Rajiv Gandhi International Stadium, Uppal",Rajasthan Royals,Sunrisers Hyderabad,Rajasthan Royals,field,Rajasthan Royals,,3.0,60.0,win,League,2008,Wickets
335991,2008,6,Chandigarh,2008-04-25,Indian Premier League,10.0,male,T20,T20,20,2008,club,"Punjab Cricket Association Stadium, Mohali",Mumbai Indians,Punjab Kings,Mumbai Indians,field,Punjab Kings,66.0,,11954.0,win,League,2008,Runs
335992,2008,6,Bangalore,2008-04-26,Indian Premier League,12.0,male,T20,T20,20,2008,club,M Chinnaswamy Stadium,Rajasthan Royals,Royal Challengers Bangalore,Rajasthan Royals,field,Rajasthan Royals,,7.0,5.0,win,League,2008,Wickets
335993,2008,6,Chennai,2008-04-26,Indian Premier League,11.0,male,T20,T20,20,2008,club,"MA Chidambaram Stadium, Chepauk",Kolkata Knight Riders,Chennai Super Kings,Kolkata Knight Riders,bat,Chennai Super Kings,,9.0,11946.0,win,League,2008,Wickets
335994,2008,6,Mumbai,2008-04-27,Indian Premier League,14.0,male,T20,T20,20,2008,club,Dr DY Patil Sports Academy,Sunrisers Hyderabad,Mumbai Indians,Sunrisers Hyderabad,field,Sunrisers Hyderabad,,10.0,12007.0,win,League,2008,Wickets
335995,2008,6,Chandigarh,2008-04-27,Indian Premier League,13.0,male,T20,T20,20,2008,club,"Punjab Cricket Association Stadium, Mohali",Delhi Capitals,Punjab Kings,Delhi Capitals,bat,Punjab Kings,,4.0,11956.0,win,League,2008,Wickets
335996,2008,6,Bangalore,2008-04-28,Indian Premier League,15.0,male,T20,T20,20,2008,club,M Chinnaswamy Stadium,Chennai Super Kings,Royal Challengers Bangalore,Chennai Super Kings,bat,Chennai Super Kings,13.0,,38.0,win,League,2008,Runs
335997,2008,6,Kolkata,2008-04-29,Indian Premier League,16.0,male,T20,T20,20,2008,club,Eden Gardens,Kolkata Knight Riders,Kolkata Knight Riders,Mumbai Indians,bat,Mumbai Indians,,7.0,11986.0,win,League,2008,Wickets
335998,2008,6,Delhi,2008-04-30,Indian Premier League,17.0,male,T20,T20,20,2008,club,Feroz Shah Kotla,Royal Challengers Bangalore,Delhi Capitals,Royal Challengers Bangalore,field,Delhi Capitals,10.0,,11984.0,win,League,2008,Runs
335999,2008,6,Hyderabad,2008-05-01,Indian Premier League,19.0,male,T20,T20,20,2008,club,"Rajiv Gandhi International Stadium, Uppal",Punjab Kings,Sunrisers Hyderabad,Punjab Kings,field,Punjab Kings,,7.0,541.0,win,League,2008,Wickets
336000,2008,6,Jaipur,2008-05-01,Indian Premier League,18.0,male,T20,T20,20,2008,club,Sawai Mansingh Stadium,Rajasthan Royals,Rajasthan Royals,Kolkata Knight Riders,bat,Rajasthan Royals,45.0,,12327.0,win,League,2008,Runs
336001,2008,6,Chennai,2008-05-02,Indian Premier League,20.0,male,T20,T20,20,2008,club,"MA Chidambaram Stadium, Chepauk",Chennai Super Kings,Chennai Super Kings,Delhi Capitals,bat,Delhi Capitals,,8.0,11975.0,win,League,2008,Wickets
336002,2008,6,Hyderabad,2008-05-25,Indian Premier League,51.0,male,T20,T20,20,2008,club,"Rajiv Gandhi International Stadium, Uppal",Sunrisers Hyderabad,Sunrisers Hyderabad,Royal Challengers Bangalore,bat,Royal Challengers Bangalore,,5.0,1242.0,win,League,2008,Wickets
336003,2008,6,Chandigarh,2008-05-03,Indian Premier League,22.0,male,T20,T20,20,2008,club,"Punjab Cricket Association Stadium, Mohali",Punjab Kings,Punjab Kings,Kolkata Knight Riders,bat,Punjab Kings,9.0,,811.0,win,League,2008,Runs
336004,2008,6,Mumbai,2008-05-04,Indian Premier League,23.0,male,T20,T20,20,2008,club,Dr DY Patil Sports Academy,Delhi Capitals,Mumbai Indians,Delhi Capitals,field,Mumbai Indians,29.0,,11991.0,win,League,2008,Runs
336005,2008,6,Jaipur,2008-05-04,Indian Premier League,24.0,male,T20,T20,20,2008,club,Sawai Mansingh Stadium,Chennai Super Kings,Rajasthan Royals,Chennai Super Kings,bat,Rajasthan Royals,,8.0,12147.0,win,League,2008,Wickets
336006,2008,6,Bangalore,2008-05-05,Indian Premier League,25.0,male,T20,T20,20,2008,club,M Chinnaswamy Stadium,Punjab Kings,Royal Challengers Bangalore,Punjab Kings,field,Punjab Kings,,6.0,11962.0,win,League,2008,Wickets
336007,2008,6,Chennai,2008-05-06,Indian Premier League,26.0,male,T20,T20,20,2008,club,"MA Chidambaram Stadium, Chepauk",Sunrisers Hyderabad,Chennai Super Kings,Sunrisers Hyderabad,field,Sunrisers Hyderabad,,7.0,12007.0,win,League,2008,Wickets
336008,2008,6,Mumbai,2008-05-07,Indian Premier League,27.0,male,T20,T20,20,2008,club,Dr DY Patil Sports Academy,Mumbai Indians,Mumbai Indians,Rajasthan Royals,field,Mumbai Indians,,7.0,21.0,win,League,2008,Wickets
336009,2008,6,Delhi,2008-05-08,Indian Premier League,28.0,male,T20,T20,20,2008,club,Feroz Shah Kotla,Chennai Super Kings,Delhi Capitals,Chennai Super Kings,field,Chennai Super Kings,,4.0,38.0,win,League,2008,Wickets
336010,2008,6,Kolkata,2008-05-08,Indian Premier League,29.0,male,T20,T20,20,2008,club,Eden Gardens,Kolkata Knight Riders,Kolkata Knight Riders,Royal Challengers Bangalore,bat,Kolkata Knight Riders,5.0,,11919.0,win,League,2008,Runs
336011,2008,6,Jaipur,2008-05-09,Indian Premier League,30.0,male,T20,T20,20,2008,club,Sawai Mansingh Stadium,Rajasthan Royals,Rajasthan Royals,Sunrisers Hyderabad,field,Rajasthan Royals,,8.0,60.0,win,League,2008,Wickets
336012,2008,6,Bangalore,2008-05-28,Indian Premier League,55.0,male,T20,T20,20,2008,club,M Chinnaswamy Stadium,Mumbai Indians,Royal Challengers Bangalore,Mumbai Indians,field,Mumbai Indians,,9.0,12269.0,win,League,2008,Wickets
336013,2008,6,Chennai,2008-05-10,Indian Premier League,31.0,male,T20,T20,20,2008,club,"MA Chidambaram Stadium, Chepauk",Punjab Kings,Chennai Super Kings,Punjab Kings,field,Chennai Super Kings,18.0,,12523.0,win,League,2008,Runs
336014,2008,6,Hyderabad,2008-05-11,Indian Premier League,32.0,male,T20,T20,20,2008,club,"Rajiv Gandhi International Stadium, Uppal",Kolkata Knight Riders,Sunrisers Hyderabad,Kolkata Knight Riders,bat,Kolkata Knight Riders,23.0,,11919.0,win,League,2008,Runs
336015,2008,6,Jaipur,2008-05-11,Indian Premier League,33.0,male,T20,T20,20,2008,club,Sawai Mansingh Stadium,Rajasthan Royals,Rajasthan Royals,Delhi Capitals,field,Rajasthan Royals,,3.0,5.0,win,League,2008,Wickets
336016,2008,6,Chandigarh,2008-05-12,Indian Premier League,34.0,male,T20,T20,20,2008,club,"Punjab Cricket Association Stadium, Mohali",Royal Challengers Bangalore,Punjab Kings,Royal Challengers Bangalore,bat,Punjab Kings,,9.0,541.0,win,League,2008,Wickets
336017,2008,6,Kolkata,2008-05-13,Indian Premier League,35.0,male,T20,T20,20,2008,club,Eden Gardens,Kolkata Knight Riders,Kolkata Knight Riders,Delhi Capitals,bat,Kolkata Knight Riders,23.0,,12710.0,win,League,2008,Runs
336018,2008,6,Mumbai,2008-05-14,Indian Premier League,36.0,male,T20,T20,20,2008,club,Wankhede Stadium,Mumbai Indians,Mumbai Indians,Chennai Super Kings,field,Mumbai Indians,,9.0,11986.0,win,League,2008,Wickets
336019,2008,6,Chandigarh,2008-05-28,Indian Premier League,56.0,male,T20,T20,20,2008,club,"Punjab Cricket Association Stadium, Mohali",Rajasthan Royals,Punjab Kings,Rajasthan Royals,field,Punjab Kings,41.0,,541.0,win,League,2008,Runs
336020,2008,6,Delhi,2008-05-15,Indian Premier League,37.0,male,T20,T20,20,2008,club,Feroz Shah Kotla,Sunrisers Hyderabad,Delhi Capitals,Sunrisers Hyderabad,field,Delhi Capitals,12.0,,185.0,win,League,2008,Runs
336021,2008,6,Mumbai,2008-05-16,Indian Premier League,38.0,male,T20,T20,20,2008,club,Wankhede Stadium,Mumbai Indians,Mumbai Indians,Kolkata Knight Riders,field,Mumbai Indians,,8.0,11991.0,win,League,2008,Wickets
336022,2008,6,Delhi,2008-05-17,Indian Premier League,40.0,male,T20,T20,20,2008,club,Feroz Shah Kotla,Delhi Capitals,Delhi Capitals,Punjab Kings,bat,Punjab Kings,6.0,,12032.0,win,League,2008,Runs
336023,2008,6,Jaipur,2008-05-17,Indian Premier League,39.0,male,T20,T20,20,2008,club,Sawai Mansingh Stadium,Royal Challengers Bangalore,Rajasthan Royals,Royal Challengers Bangalore,field,Rajasthan Royals,65.0,,12107.0,win,League,2008,Runs
336024,2008,6,Hyderabad,2008-05-18,Indian Premier League,42.0,male,T20,T20,20,2008,club,"Rajiv Gandhi International Stadium, Uppal",Sunrisers Hyderabad,Sunrisers Hyderabad,Mumbai Indians,field,Mumbai Indians,25.0,,1393.0,win,League,2008,Runs
336025,2008,6,Kolkata,2008-05-18,Indian Premier League,41.0,male,T20,T20,20,2008,club,Eden Gardens,Kolkata Knight Riders,Kolkata Knight Riders,Chennai Super Kings,bat,Chennai Super Kings,3.0,,12345.0,win,League,2008,Runs
336026,2008,6,Bangalore,2008-05-19,Indian Premier League,43.0,male,T20,T20,20,2008,club,M Chinnaswamy Stadium,Delhi Capitals,Royal Challengers Bangalore,Delhi Capitals,field,Delhi Capitals,,5.0,2295.0,win,League,2008,Wickets
336027,2008,6,Kolkata,2008-05-20,Indian Premier League,44.0,male,T20,T20,20,2008,club,Eden Gardens,Rajasthan Royals,Kolkata Knight Riders,Rajasthan Royals,field,Rajasthan Royals,,6.0,60.0,win,League,2008,Wickets
336028,2008,6,Mumbai,2008-05-21,Indian Premier League,45.0,male,T20,T20,20,2008,club,Wankhede Stadium,Mumbai Indians,Mumbai Indians,Punjab Kings,field,Punjab Kings,1.0,,541.0,win,League,2008,Runs
336029,2008,6,Chennai,2008-05-21,Indian Premier League,46.0,male,T20,T20,20,2008,club,"MA Chidambaram Stadium, Chepauk",Royal Challengers Bangalore,Chennai Super Kings,Royal Challengers Bangalore,bat,Royal Challengers Bangalore,14.0,,12160.0,win,League,2008,Runs
336031,2008,6,Chandigarh,2008-05-23,Indian Premier League,48.0,male,T20,T20,20,2008,club,"Punjab Cricket Association Stadium, Mohali",Punjab Kings,Punjab Kings,Sunrisers Hyderabad,field,Punjab Kings,,6.0,541.0,win,League,2008,Wickets
336032,2008,6,Delhi,2008-05-24,Indian Premier League,50.0,male,T20,T20,20,2008,club,Feroz Shah Kotla,Delhi Capitals,Delhi Capitals,Mumbai Indians,field,Delhi Capitals,,5.0,49.0,win,League,2008,Wickets
336033,2008,6,Chennai,2008-05-24,Indian Premier League,49.0,male,T20,T20,20,2008,club,"MA Chidambaram Stadium, Chepauk",Rajasthan Royals,Chennai Super Kings,Rajasthan Royals,bat,Rajasthan Royals,10.0,,12234.0,win,League,2008,Runs
336034,2008,6,Bangalore,2008-05-03,Indian Premier League,21.0,male,T20,T20,20,2008,club,M Chinnaswamy Stadium,Sunrisers Hyderabad,Royal Challengers Bangalore,Sunrisers Hyderabad,field,Royal Challengers Bangalore,3.0,,52.0,win,League,2008,Runs
336035,2008,6,Kolkata,2008-05-25,Indian Premier League,52.0,male,T20,T20,20,2008,club,Eden Gardens,Punjab Kings,Kolkata Knight Riders,Punjab Kings,bat,Kolkata Knight Riders,,3.0,12323.0,win,League,2008,Wickets
336036,2008,6,Jaipur,2008-05-26,Indian Premier League,53.0,male,T20,T20,20,2008,club,Sawai Mansingh Stadium,Rajasthan Royals,Rajasthan Royals,Mumbai Indians,field,Rajasthan Royals,,5.0,12147.0,win,League,2008,Wickets
336037,2008,6,Hyderabad,2008-05-27,Indian Premier League,54.0,male,T20,T20,20,2008,club,"Rajiv Gandhi International Stadium, Uppal",Sunrisers Hyderabad,Sunrisers Hyderabad,Chennai Super Kings,bat,Chennai Super Kings,,7.0,47.0,win,League,2008,Wickets
336038,2008,6,Mumbai,2008-05-30,Indian Premier League,,male,T20,T20,20,2008,club,Wankhede Stadium,Delhi Capitals,Delhi Capitals,Rajasthan Royals,field,Rajasthan Royals,105.0,,5.0,win,League,2008,Runs
336039,2008,6,Mumbai,2008-05-31,Indian Premier League,,male,T20,T20,20,2008,club,Wankhede Stadium,Punjab Kings,Chennai Super Kings,Punjab Kings,bat,Chennai Super Kings,,9.0,12345.0,win,League,2008,Wickets
336040,2008,6,Mumbai,2008-06-01,Indian Premier League,,male,T20,T20,20,2008,club,Dr DY Patil Sports Academy,Rajasthan Royals,Chennai Super Kings,Rajasthan Royals,field,Rajasthan Royals,,3.0,60.0,win,League,2008,Wickets
392181,2009,6,Cape Town,2009-04-18,Indian Premier League,1.0,male,T20,T20,20,2009,club,Newlands,Chennai Super Kings,Chennai Super Kings,Mumbai Indians,field,Mumbai Indians,19.0,,12580.0,win,League,2009,Runs
392182,2009,6,Cape Town,2009-04-18,Indian Premier League,2.0,male,T20,T20,20,2009,club,Newlands,Royal Challengers Bangalore,Royal Challengers Bangalore,Rajasthan Royals,bat,Royal Challengers Bangalore,75.0,,11930.0,win,League,2009,Runs
392183,2009,6,Cape Town,2009-04-19,Indian Premier League,3.0,male,T20,T20,20,2009,club,Newlands,Delhi Capitals,Delhi Capitals,Punjab Kings,field,Delhi Capitals,,10.0,11981.0,win,League,2009,Wickets
392184,2009,6,Cape Town,2009-04-19,Indian Premier League,4.0,male,T20,T20,20,2009,club,Newlands,Kolkata Knight Riders,Sunrisers Hyderabad,Kolkata Knight Riders,bat,Sunrisers Hyderabad,,8.0,12016.0,win,League,2009,Wickets
392185,2009,6,Port Elizabeth,2009-04-20,Indian Premier League,5.0,male,T20,T20,20,2009,club,St George's Park,Chennai Super Kings,Royal Challengers Bangalore,Chennai Super Kings,bat,Chennai Super Kings,92.0,,11951.0,win,League,2009,Runs
392186,2009,6,Durban,2009-04-21,Indian Premier League,6.0,male,T20,T20,20,2009,club,Kingsmead,Kolkata Knight Riders,Punjab Kings,Kolkata Knight Riders,field,Kolkata Knight Riders,11.0,,1.0,win,League,2009,Runs
392188,2009,6,Cape Town,2009-04-22,Indian Premier League,8.0,male,T20,T20,20,2009,club,Newlands,Sunrisers Hyderabad,Royal Challengers Bangalore,Sunrisers Hyderabad,bat,Sunrisers Hyderabad,24.0,,12007.0,win,League,2009,Runs
392189,2009,6,Durban,2009-04-23,Indian Premier League,9.0,male,T20,T20,20,2009,club,Kingsmead,Delhi Capitals,Chennai Super Kings,Delhi Capitals,bat,Delhi Capitals,9.0,,245.0,win,League,2009,Runs
392190,2009,6,Cape Town,2009-04-23,Indian Premier League,10.0,male,T20,T20,20,2009,club,Newlands,Kolkata Knight Riders,Kolkata Knight Riders,Rajasthan Royals,field,Rajasthan Royals,,,60.0,tie,League,2009,No Result / Tie
392191,2009,6,Durban,2009-04-24,Indian Premier League,11.0,male,T20,T20,20,2009,club,Kingsmead,Royal Challengers Bangalore,Royal Challengers Bangalore,Punjab Kings,bat,Punjab Kings,,7.0,13250.0,win,League,2009,Wickets
392192,2009,6,Durban,2009-04-25,Indian Premier League,12.0,male,T20,T20,20,2009,club,Kingsmead,Sunrisers Hyderabad,Sunrisers Hyderabad,Mumbai Indians,bat,Sunrisers Hyderabad,12.0,,12017.0,win,League,2009,Runs
392194,2009,6,Port Elizabeth,2009-04-26,Indian Premier League,14.0,male,T20,T20,20,2009,club,St George's Park,Royal Challengers Bangalore,Royal Challengers Bangalore,Delhi Capitals,bat,Delhi Capitals,,6.0,12650.0,win,League,2009,Wickets
392195,2009,6,Cape Town,2009-04-26,Indian Premier League,15.0,male,T20,T20,20,2009,club,Newlands,Punjab Kings,Punjab Kings,Rajasthan Royals,bat,Punjab Kings,27.0,,11954.0,win,League,2009,Runs
392196,2009,6,Durban,2009-04-27,Indian Premier League,16.0,male,T20,T20,20,2009,club,Kingsmead,Sunrisers Hyderabad,Chennai Super Kings,Sunrisers Hyderabad,field,Sunrisers Hyderabad,,6.0,12295.0,win,League,2009,Wickets
392197,2009,6,Port Elizabeth,2009-04-27,Indian Premier League,17.0,male,T20,T20,20,2009,club,St George's Park,Mumbai Indians,Kolkata Knight Riders,Mumbai Indians,bat,Mumbai Indians,92.0,,12580.0,win,League,2009,Runs
392198,2009,6,Centurion,2009-04-28,Indian Premier League,18.0,male,T20,T20,20,2009,club,SuperSport Park,Delhi Capitals,Delhi Capitals,Rajasthan Royals,bat,Rajasthan Royals,,5.0,60.0,win,League,2009,Wickets
392199,2009,6,Durban,2009-04-29,Indian Premier League,19.0,male,T20,T20,20,2009,club,Kingsmead,Kolkata Knight Riders,Royal Challengers Bangalore,Kolkata Knight Riders,bat,Royal Challengers Bangalore,,5.0,11935.0,win,League,2009,Wickets
392200,2009,6,Durban,2009-04-29,Indian Premier League,20.0,male,T20,T20,20,2009,club,Kingsmead,Punjab Kings,Punjab Kings,Mumbai Indians,bat,Punjab Kings,3.0,,11954.0,win,League,2009,Runs
392201,2009,6,Centurion,2009-04-30,Indian Premier League,21.0,male,T20,T20,20,2009,club,SuperSport Park,Delhi Capitals,Sunrisers Hyderabad,Delhi Capitals,field,Delhi Capitals,,6.0,13245.0,win,League,2009,Wickets
392202,2009,6,Centurion,2009-04-30,Indian Premier League,22.0,male,T20,T20,20,2009,club,SuperSport Park,Rajasthan Royals,Chennai Super Kings,Rajasthan Royals,field,Chennai Super Kings,38.0,,47.0,win,League,2009,Runs
392203,2009,6,East London,2009-05-01,Indian Premier League,23.0,male,T20,T20,20,2009,club,Buffalo Park,Mumbai Indians,Kolkata Knight Riders,Mumbai Indians,bat,Mumbai Indians,9.0,,1964.0,win,League,2009,Runs
392204,2009,6,Durban,2009-05-01,Indian Premier League,24.0,male,T20,T20,20,2009,club,Kingsmead,Royal Challengers Bangalore,Royal Challengers Bangalore,Punjab Kings,bat,Royal Challengers Bangalore,8.0,,15.0,win,League,2009,Runs
392205,2009,6,Port Elizabeth,2009-05-02,Indian Premier League,25.0,male,T20,T20,20,2009,club,St George's Park,Sunrisers Hyderabad,Sunrisers Hyderabad,Rajasthan Royals,bat,Rajasthan Royals,,3.0,60.0,win,League,2009,Wickets
392206,2009,6,Johannesburg,2009-05-02,Indian Premier League,26.0,male,T20,T20,20,2009,club,New Wanderers Stadium,Delhi Capitals,Chennai Super Kings,Delhi Capitals,field,Chennai Super Kings,18.0,,53.0,win,League,2009,Runs
392207,2009,6,Port Elizabeth,2009-05-03,Indian Premier League,27.0,male,T20,T20,20,2009,club,St George's Park,Kolkata Knight Riders,Punjab Kings,Kolkata Knight Riders,bat,Punjab Kings,,6.0,12032.0,win,League,2009,Wickets
392208,2009,6,Johannesburg,2009-05-03,Indian Premier League,28.0,male,T20,T20,20,2009,club,New Wanderers Stadium,Mumbai Indians,Royal Challengers Bangalore,Mumbai Indians,bat,Royal Challengers Bangalore,,9.0,11933.0,win,League,2009,Wickets
392209,2009,6,East London,2009-05-04,Indian Premier League,29.0,male,T20,T20,20,2009,club,Buffalo Park,Chennai Super Kings,Chennai Super Kings,Sunrisers Hyderabad,bat,Chennai Super Kings,78.0,,38.0,win,League,2009,Runs
392210,2009,6,Durban,2009-05-05,Indian Premier League,30.0,male,T20,T20,20,2009,club,Kingsmead,Punjab Kings,Punjab Kings,Rajasthan Royals,field,Rajasthan Royals,78.0,,12107.0,win,League,2009,Runs
392211,2009,6,Durban,2009-05-05,Indian Premier League,31.0,male,T20,T20,20,2009,club,Kingsmead,Kolkata Knight Riders,Delhi Capitals,Kolkata Knight Riders,bat,Delhi Capitals,,9.0,56.0,win,League,2009,Wickets
392212,2009,6,Centurion,2009-05-06,Indian Premier League,32.0,male,T20,T20,20,2009,club,SuperSport Park,Sunrisers Hyderabad,Sunrisers Hyderabad,Mumbai Indians,bat,Sunrisers Hyderabad,19.0,,25.0,win,League,2009,Runs
392213,2009,6,Centurion,2009-05-07,Indian Premier League,33.0,male,T20,T20,20,2009,club,SuperSport Park,Rajasthan Royals,Royal Challengers Bangalore,Rajasthan Royals,field,Rajasthan Royals,,7.0,13810.0,win,League,2009,Wickets
392214,2009,6,Centurion,2009-05-07,Indian Premier League,34.0,male,T20,T20,20,2009,club,SuperSport Park,Chennai Super Kings,Chennai Super Kings,Punjab Kings,bat,Chennai Super Kings,12.0,,11942.0,win,League,2009,Runs
392215,2009,6,East London,2009-05-08,Indian Premier League,35.0,male,T20,T20,20,2009,club,Buffalo Park,Mumbai Indians,Delhi Capitals,Mumbai Indians,bat,Delhi Capitals,,7.0,21.0,win,League,2009,Wickets
392216,2009,6,Kimberley,2009-05-09,Indian Premier League,36.0,male,T20,T20,20,2009,club,De Beers Diamond Oval,Punjab Kings,Sunrisers Hyderabad,Punjab Kings,field,Punjab Kings,,3.0,12032.0,win,League,2009,Wickets
392217,2009,6,Kimberley,2009-05-09,Indian Premier League,37.0,male,T20,T20,20,2009,club,De Beers Diamond Oval,Rajasthan Royals,Chennai Super Kings,Rajasthan Royals,bat,Chennai Super Kings,,7.0,11947.0,win,League,2009,Wickets
392218,2009,6,Port Elizabeth,2009-05-10,Indian Premier League,38.0,male,T20,T20,20,2009,club,St George's Park,Mumbai Indians,Royal Challengers Bangalore,Mumbai Indians,bat,Mumbai Indians,16.0,,1964.0,win,League,2009,Runs
392219,2009,6,Johannesburg,2009-05-10,Indian Premier League,39.0,male,T20,T20,20,2009,club,New Wanderers Stadium,Delhi Capitals,Delhi Capitals,Kolkata Knight Riders,field,Delhi Capitals,,7.0,185.0,win,League,2009,Wickets
392220,2009,6,Kimberley,2009-05-11,Indian Premier League,40.0,male,T20,T20,20,2009,club,De Beers Diamond Oval,Sunrisers Hyderabad,Sunrisers Hyderabad,Rajasthan Royals,bat,Sunrisers Hyderabad,53.0,,50.0,win,League,2009,Runs
392221,2009,6,Centurion,2009-05-12,Indian Premier League,41.0,male,T20,T20,20,2009,club,SuperSport Park,Royal Challengers Bangalore,Royal Challengers Bangalore,Kolkata Knight Riders,field,Royal Challengers Bangalore,,6.0,11998.0,win,League,2009,Wickets
392222,2009,6,Centurion,2009-05-12,Indian Premier League,42.0,male,T20,T20,20,2009,club,SuperSport Park,Punjab Kings,Punjab Kings,Mumbai Indians,bat,Mumbai Indians,,8.0,228.0,win,League,2009,Wickets
392223,2009,6,Durban,2009-05-13,Indian Premier League,43.0,male,T20,T20,20,2009,club,Kingsmead,Sunrisers Hyderabad,Sunrisers Hyderabad,Delhi Capitals,field,Delhi Capitals,12.0,,40.0,win,League,2009,Runs
392224,2009,6,Durban,2009-05-14,Indian Premier League,44.0,male,T20,T20,20,2009,club,Kingsmead,Chennai Super Kings,Royal Challengers Bangalore,Chennai Super Kings,bat,Royal Challengers Bangalore,,2.0,11998.0,win,League,2009,Wickets
392225,2009,6,Durban,2009-05-14,Indian Premier League,45.0,male,T20,T20,20,2009,club,Kingsmead,Rajasthan Royals,Mumbai Indians,Rajasthan Royals,bat,Rajasthan Royals,2.0,,11971.0,win,League,2009,Runs
392226,2009,6,Bloemfontein,2009-05-15,Indian Premier League,46.0,male,T20,T20,20,2009,club,OUTsurance Oval,Punjab Kings,Delhi Capitals,Punjab Kings,field,Punjab Kings,,6.0,11959.0,win,League,2009,Wickets
392227,2009,6,Port Elizabeth,2009-05-16,Indian Premier League,47.0,male,T20,T20,20,2009,club,St George's Park,Mumbai Indians,Chennai Super Kings,Mumbai Indians,bat,Chennai Super Kings,,7.0,11942.0,win,League,2009,Wickets
392228,2009,6,Johannesburg,2009-05-16,Indian Premier League,48.0,male,T20,T20,20,2009,club,New Wanderers Stadium,Sunrisers Hyderabad,Sunrisers Hyderabad,Kolkata Knight Riders,field,Sunrisers Hyderabad,,6.0,25.0,win,League,2009,Wickets
392229,2009,6,Johannesburg,2009-05-17,Indian Premier League,49.0,male,T20,T20,20,2009,club,New Wanderers Stadium,Sunrisers Hyderabad,Sunrisers Hyderabad,Punjab Kings,field,Punjab Kings,1.0,,15.0,win,League,2009,Runs
392230,2009,6,Bloemfontein,2009-05-17,Indian Premier League,50.0,male,T20,T20,20,2009,club,OUTsurance Oval,Delhi Capitals,Delhi Capitals,Rajasthan Royals,bat,Delhi Capitals,14.0,,245.0,win,League,2009,Runs
392231,2009,6,Centurion,2009-05-18,Indian Premier League,51.0,male,T20,T20,20,2009,club,SuperSport Park,Chennai Super Kings,Chennai Super Kings,Kolkata Knight Riders,bat,Kolkata Knight Riders,,7.0,12318.0,win,League,2009,Wickets
392232,2009,6,Johannesburg,2009-05-19,Indian Premier League,52.0,male,T20,T20,20,2009,club,New Wanderers Stadium,Delhi Capitals,Royal Challengers Bangalore,Delhi Capitals,bat,Royal Challengers Bangalore,,7.0,11933.0,win,League,2009,Wickets
392233,2009,6,Durban,2009-05-20,Indian Premier League,53.0,male,T20,T20,20,2009,club,Kingsmead,Kolkata Knight Riders,Kolkata Knight Riders,Rajasthan Royals,field,Kolkata Knight Riders,,4.0,11924.0,win,League,2009,Wickets
392234,2009,6,Durban,2009-05-20,Indian Premier League,54.0,male,T20,T20,20,2009,club,Kingsmead,Chennai Super Kings,Chennai Super Kings,Punjab Kings,bat,Chennai Super Kings,24.0,,11951.0,win,League,2009,Runs
392235,2009,6,Centurion,2009-05-21,Indian Premier League,55.0,male,T20,T20,20,2009,club,SuperSport Park,Delhi Capitals,Delhi Capitals,Mumbai Indians,field,Delhi Capitals,,4.0,11975.0,win,League,2009,Wickets
392236,2009,6,Centurion,2009-05-21,Indian Premier League,56.0,male,T20,T20,20,2009,club,SuperSport Park,Royal Challengers Bangalore,Royal Challengers Bangalore,Sunrisers Hyderabad,bat,Royal Challengers Bangalore,12.0,,59.0,win,League,2009,Runs
392237,2009,6,Centurion,2009-05-22,Indian Premier League,,male,T20,T20,20,2009,club,SuperSport Park,Sunrisers Hyderabad,Delhi Capitals,Sunrisers Hyderabad,field,Sunrisers Hyderabad,,6.0,12007.0,win,League,2009,Wickets
392238,2009,6,Johannesburg,2009-05-23,Indian Premier League,,male,T20,T20,20,2009,club,New Wanderers Stadium,Royal Challengers Bangalore,Royal Challengers Bangalore,Chennai Super Kings,field,Royal Challengers Bangalore,,6.0,59.0,win,League,2009,Wickets
392239,2009,6,Johannesburg,2009-05-24,Indian Premier League,,male,T20,T20,20,2009,club,New Wanderers Stadium,Royal Challengers Bangalore,Royal Challengers Bangalore,Sunrisers Hyderabad,field,Sunrisers Hyderabad,6.0,,12160.0,win,League,2009,Runs
419106,2010,6,Mumbai,2010-03-12,Indian Premier League,1.0,male,T20,T20,20,2010,club,Dr DY Patil Sports Academy,Sunrisers Hyderabad,Sunrisers Hyderabad,Kolkata Knight Riders,field,Kolkata Knight Riders,11.0,,457.0,win,League,2010,Runs
419107,2010,6,Mumbai,2010-03-13,Indian Premier League,2.0,male,T20,T20,20,2010,club,Brabourne Stadium,Mumbai Indians,Mumbai Indians,Rajasthan Royals,bat,Mumbai Indians,4.0,,60.0,win,League,2010,Runs
419108,2010,6,Chandigarh,2010-03-13,Indian Premier League,3.0,male,T20,T20,20,2010,club,"Punjab Cricket Association Stadium, Mohali",Delhi Capitals,Punjab Kings,Delhi Capitals,field,Delhi Capitals,,5.0,56.0,win,League,2010,Wickets
419109,2010,6,Kolkata,2010-03-14,Indian Premier League,4.0,male,T20,T20,20,2010,club,Eden Gardens,Kolkata Knight Riders,Kolkata Knight Riders,Royal Challengers Bangalore,field,Kolkata Knight Riders,,7.0,39.0,win,League,2010,Wickets
419110,2010,6,Chennai,2010-03-14,Indian Premier League,5.0,male,T20,T20,20,2010,club,"MA Chidambaram Stadium, Chepauk",Sunrisers Hyderabad,Chennai Super Kings,Sunrisers Hyderabad,bat,Sunrisers Hyderabad,31.0,,12015.0,win,League,2010,Runs
419111,2010,6,Ahmedabad,2010-03-15,Indian Premier League,6.0,male,T20,T20,20,2010,club,"Sardar Patel Stadium, Motera",Delhi Capitals,Rajasthan Royals,Delhi Capitals,field,Delhi Capitals,,6.0,11975.0,win,League,2010,Wickets
419112,2010,6,Bangalore,2010-03-16,Indian Premier League,7.0,male,T20,T20,20,2010,club,M Chinnaswamy Stadium,Punjab Kings,Royal Challengers Bangalore,Punjab Kings,bat,Royal Challengers Bangalore,,8.0,11933.0,win,League,2010,Wickets
419113,2010,6,Kolkata,2010-03-16,Indian Premier League,8.0,male,T20,T20,20,2010,club,Eden Gardens,Chennai Super Kings,Kolkata Knight Riders,Chennai Super Kings,bat,Chennai Super Kings,55.0,,38.0,win,League,2010,Runs
419114,2010,6,Delhi,2010-03-17,Indian Premier League,9.0,male,T20,T20,20,2010,club,Feroz Shah Kotla,Delhi Capitals,Delhi Capitals,Mumbai Indians,field,Mumbai Indians,98.0,,12580.0,win,League,2010,Runs
419115,2010,6,Bangalore,2010-03-18,Indian Premier League,10.0,male,T20,T20,20,2010,club,M Chinnaswamy Stadium,Royal Challengers Bangalore,Royal Challengers Bangalore,Rajasthan Royals,field,Royal Challengers Bangalore,,10.0,11933.0,win,League,2010,Wickets
419116,2010,6,Delhi,2010-03-19,Indian Premier League,11.0,male,T20,T20,20,2010,club,Feroz Shah Kotla,Delhi Capitals,Delhi Capitals,Chennai Super Kings,bat,Chennai Super Kings,,5.0,11942.0,win,League,2010,Wickets
419117,2010,6,Cuttack,2010-03-19,Indian Premier League,12.0,male,T20,T20,20,2010,club,Barabati Stadium,Punjab Kings,Sunrisers Hyderabad,Punjab Kings,field,Sunrisers Hyderabad,6.0,,12010.0,win,League,2010,Runs
419118,2010,6,Ahmedabad,2010-03-20,Indian Premier League,13.0,male,T20,T20,20,2010,club,"Sardar Patel Stadium, Motera",Rajasthan Royals,Rajasthan Royals,Kolkata Knight Riders,bat,Rajasthan Royals,34.0,,14485.0,win,League,2010,Runs
419119,2010,6,Mumbai,2010-03-20,Indian Premier League,14.0,male,T20,T20,20,2010,club,Brabourne Stadium,Mumbai Indians,Mumbai Indians,Royal Challengers Bangalore,bat,Royal Challengers Bangalore,,7.0,11933.0,win,League,2010,Wickets
419120,2010,6,Cuttack,2010-03-21,Indian Premier League,15.0,male,T20,T20,20,2010,club,Barabati Stadium,Sunrisers Hyderabad,Sunrisers Hyderabad,Delhi Capitals,bat,Sunrisers Hyderabad,10.0,,12010.0,win,League,2010,Runs
419121,2010,6,Chennai,2010-03-21,Indian Premier League,16.0,male,T20,T20,20,2010,club,"MA Chidambaram Stadium, Chepauk",Chennai Super Kings,Chennai Super Kings,Punjab Kings,field,Punjab Kings,,,14798.0,tie,League,2010,No Result / Tie
419122,2010,6,Mumbai,2010-03-22,Indian Premier League,17.0,male,T20,T20,20,2010,club,Brabourne Stadium,Kolkata Knight Riders,Mumbai Indians,Kolkata Knight Riders,bat,Mumbai Indians,,7.0,12580.0,win,League,2010,Wickets
419123,2010,6,Bangalore,2010-03-23,Indian Premier League,18.0,male,T20,T20,20,2010,club,M Chinnaswamy Stadium,Chennai Super Kings,Royal Challengers Bangalore,Chennai Super Kings,field,Royal Challengers Bangalore,36.0,,58.0,win,League,2010,Runs
419124,2010,6,Chandigarh,2010-03-24,Indian Premier League,19.0,male,T20,T20,20,2010,club,"Punjab Cricket Association Stadium, Mohali",Punjab Kings,Punjab Kings,Rajasthan Royals,field,Rajasthan Royals,31.0,,14729.0,win,League,2010,Runs
419125,2010,6,Mumbai,2010-03-25,Indian Premier League,21.0,male,T20,T20,20,2010,club,"Brabourne Stadium, Mumbai",Mumbai Indians,Chennai Super Kings,Mumbai Indians,field,Mumbai Indians,,5.0,12580.0,win,League,2010,Wickets
419126,2010,6,Ahmedabad,2010-03-26,Indian Premier League,22.0,male,T20,T20,20,2010,club,"Sardar Patel Stadium, Motera",Sunrisers Hyderabad,Rajasthan Royals,Sunrisers Hyderabad,bat,Rajasthan Royals,,8.0,60.0,win,League,2010,Wickets
419127,2010,6,Chandigarh,2010-03-27,Indian Premier League,23.0,male,T20,T20,20,2010,club,"Punjab Cricket Association Stadium, Mohali",Kolkata Knight Riders,Punjab Kings,Kolkata Knight Riders,bat,Kolkata Knight Riders,39.0,,39.0,win,League,2010,Runs
419128,2010,6,Bangalore,2010-03-25,Indian Premier League,20.0,male,T20,T20,20,2010,club,M Chinnaswamy Stadium,Royal Challengers Bangalore,Royal Challengers Bangalore,Delhi Capitals,field,Delhi Capitals,17.0,,4.0,win,League,2010,Runs
419129,2010,6,Ahmedabad,2010-03-28,Indian Premier League,24.0,male,T20,T20,20,2010,club,"Sardar Patel Stadium, Motera",Rajasthan Royals,Rajasthan Royals,Chennai Super Kings,bat,Rajasthan Royals,17.0,,18.0,win,League,2010,Runs
419130,2010,6,Mumbai,2010-03-28,Indian Premier League,25.0,male,T20,T20,20,2010,club,Dr DY Patil Sports Academy,Sunrisers Hyderabad,Sunrisers Hyderabad,Mumbai Indians,field,Mumbai Indians,41.0,,228.0,win,League,2010,Runs
419131,2010,6,Delhi,2010-03-29,Indian Premier League,26.0,male,T20,T20,20,2010,club,Feroz Shah Kotla,Delhi Capitals,Delhi Capitals,Kolkata Knight Riders,bat,Delhi Capitals,40.0,,12.0,win,League,2010,Runs
419132,2010,6,Mumbai,2010-03-30,Indian Premier League,27.0,male,T20,T20,20,2010,club,Brabourne Stadium,Mumbai Indians,Mumbai Indians,Punjab Kings,field,Mumbai Indians,,4.0,230.0,win,League,2010,Wickets
419133,2010,6,Chennai,2010-03-31,Indian Premier League,28.0,male,T20,T20,20,2010,club,"MA Chidambaram Stadium, Chepauk",Royal Challengers Bangalore,Chennai Super Kings,Royal Challengers Bangalore,bat,Chennai Super Kings,,5.0,1630.0,win,League,2010,Wickets
419134,2010,6,Delhi,2010-03-31,Indian Premier League,29.0,male,T20,T20,20,2010,club,Feroz Shah Kotla,Delhi Capitals,Delhi Capitals,Rajasthan Royals,bat,Delhi Capitals,67.0,,49.0,win,League,2010,Runs
419135,2010,6,Kolkata,2010-04-01,Indian Premier League,30.0,male,T20,T20,20,2010,club,Eden Gardens,Kolkata Knight Riders,Kolkata Knight Riders,Sunrisers Hyderabad,bat,Kolkata Knight Riders,24.0,,11919.0,win,League,2010,Runs
419136,2010,6,Chandigarh,2010-04-02,Indian Premier League,31.0,male,T20,T20,20,2010,club,"Punjab Cricket Association Stadium, Mohali",Punjab Kings,Punjab Kings,Royal Challengers Bangalore,bat,Royal Challengers Bangalore,,6.0,13231.0,win,League,2010,Wickets
419137,2010,6,Chennai,2010-04-03,Indian Premier League,32.0,male,T20,T20,20,2010,club,"MA Chidambaram Stadium, Chepauk",Chennai Super Kings,Chennai Super Kings,Rajasthan Royals,bat,Chennai Super Kings,23.0,,1630.0,win,League,2010,Runs
419138,2010,6,Mumbai,2010-04-03,Indian Premier League,33.0,male,T20,T20,20,2010,club,Brabourne Stadium,Mumbai Indians,Mumbai Indians,Sunrisers Hyderabad,bat,Mumbai Indians,63.0,,27.0,win,League,2010,Runs
419139,2010,6,Kolkata,2010-04-04,Indian Premier League,34.0,male,T20,T20,20,2010,club,Eden Gardens,Kolkata Knight Riders,Kolkata Knight Riders,Punjab Kings,bat,Punjab Kings,,8.0,12032.0,win,League,2010,Wickets
419140,2010,6,Delhi,2010-04-04,Indian Premier League,35.0,male,T20,T20,20,2010,club,Feroz Shah Kotla,Delhi Capitals,Delhi Capitals,Royal Challengers Bangalore,bat,Delhi Capitals,37.0,,15003.0,win,League,2010,Runs
419141,2010,6,Nagpur,2010-04-05,Indian Premier League,36.0,male,T20,T20,20,2010,club,"Vidarbha Cricket Association Stadium, Jamtha",Rajasthan Royals,Sunrisers Hyderabad,Rajasthan Royals,bat,Rajasthan Royals,2.0,,11971.0,win,League,2010,Runs
419142,2010,6,Chennai,2010-04-06,Indian Premier League,37.0,male,T20,T20,20,2010,club,"MA Chidambaram Stadium, Chepauk",Chennai Super Kings,Chennai Super Kings,Mumbai Indians,bat,Chennai Super Kings,24.0,,47.0,win,League,2010,Runs
419143,2010,6,Jaipur,2010-04-07,Indian Premier League,38.0,male,T20,T20,20,2010,club,Sawai Mansingh Stadium,Punjab Kings,Rajasthan Royals,Punjab Kings,bat,Rajasthan Royals,,9.0,14648.0,win,League,2010,Wickets
419144,2010,6,Kolkata,2010-04-07,Indian Premier League,39.0,male,T20,T20,20,2010,club,Eden Gardens,Kolkata Knight Riders,Kolkata Knight Riders,Delhi Capitals,bat,Kolkata Knight Riders,14.0,,11919.0,win,League,2010,Runs
419145,2010,6,Bangalore,2010-04-08,Indian Premier League,40.0,male,T20,T20,20,2010,club,M Chinnaswamy Stadium,Sunrisers Hyderabad,Royal Challengers Bangalore,Sunrisers Hyderabad,field,Sunrisers Hyderabad,,7.0,13595.0,win,League,2010,Wickets
419146,2010,6,Chandigarh,2010-04-09,Indian Premier League,41.0,male,T20,T20,20,2010,club,"Punjab Cricket Association Stadium, Mohali",Mumbai Indians,Punjab Kings,Mumbai Indians,bat,Punjab Kings,,6.0,11954.0,win,League,2010,Wickets
419147,2010,6,Nagpur,2010-04-10,Indian Premier League,42.0,male,T20,T20,20,2010,club,"Vidarbha Cricket Association Stadium, Jamtha",Chennai Super Kings,Sunrisers Hyderabad,Chennai Super Kings,bat,Sunrisers Hyderabad,,6.0,13785.0,win,League,2010,Wickets
419148,2010,6,Bangalore,2010-04-10,Indian Premier League,43.0,male,T20,T20,20,2010,club,M Chinnaswamy Stadium,Royal Challengers Bangalore,Royal Challengers Bangalore,Kolkata Knight Riders,field,Royal Challengers Bangalore,,7.0,1242.0,win,League,2010,Wickets
419149,2010,6,Delhi,2010-04-11,Indian Premier League,44.0,male,T20,T20,20,2010,club,Feroz Shah Kotla,Delhi Capitals,Delhi Capitals,Punjab Kings,bat,Punjab Kings,,7.0,63.0,win,League,2010,Wickets
419150,2010,6,Jaipur,2010-04-11,Indian Premier League,45.0,male,T20,T20,20,2010,club,Sawai Mansingh Stadium,Rajasthan Royals,Rajasthan Royals,Mumbai Indians,field,Mumbai Indians,37.0,,12580.0,win,League,2010,Runs
419151,2010,6,Nagpur,2010-04-12,Indian Premier League,46.0,male,T20,T20,20,2010,club,"Vidarbha Cricket Association Stadium, Jamtha",Royal Challengers Bangalore,Sunrisers Hyderabad,Royal Challengers Bangalore,field,Sunrisers Hyderabad,13.0,,13267.0,win,League,2010,Runs
419152,2010,6,Mumbai,2010-04-13,Indian Premier League,47.0,male,T20,T20,20,2010,club,Brabourne Stadium,Mumbai Indians,Mumbai Indians,Delhi Capitals,bat,Mumbai Indians,39.0,,29.0,win,League,2010,Runs
419153,2010,6,Chennai,2010-04-13,Indian Premier League,48.0,male,T20,T20,20,2010,club,"MA Chidambaram Stadium, Chepauk",Kolkata Knight Riders,Chennai Super Kings,Kolkata Knight Riders,bat,Chennai Super Kings,,9.0,1416.0,win,League,2010,Wickets
419154,2010,6,Jaipur,2010-04-14,Indian Premier League,49.0,male,T20,T20,20,2010,club,Sawai Mansingh Stadium,Rajasthan Royals,Rajasthan Royals,Royal Challengers Bangalore,bat,Royal Challengers Bangalore,,5.0,13231.0,win,League,2010,Wickets
419155,2010,6,Chennai,2010-04-15,Indian Premier League,50.0,male,T20,T20,20,2010,club,"MA Chidambaram Stadium, Chepauk",Chennai Super Kings,Chennai Super Kings,Delhi Capitals,bat,Delhi Capitals,,6.0,56.0,win,League,2010,Wickets
419156,2010,6,Dharamsala,2010-04-16,Indian Premier League,51.0,male,T20,T20,20,2010,club,Himachal Pradesh Cricket Association Stadium,Sunrisers Hyderabad,Punjab Kings,Sunrisers Hyderabad,field,Sunrisers Hyderabad,,5.0,25.0,win,League,2010,Wickets
419157,2010,6,Bangalore,2010-04-17,Indian Premier League,52.0,male,T20,T20,20,2010,club,M Chinnaswamy Stadium,Royal Challengers Bangalore,Royal Challengers Bangalore,Mumbai Indians,field,Mumbai Indians,57.0,,14478.0,win,League,2010,Runs
419158,2010,6,Kolkata,2010-04-17,Indian Premier League,53.0,male,T20,T20,20,2010,club,Eden Gardens,Rajasthan Royals,Kolkata Knight Riders,Rajasthan Royals,bat,Kolkata Knight Riders,,8.0,438.0,win,League,2010,Wickets
419159,2010,6,Dharamsala,2010-04-18,Indian Premier League,54.0,male,T20,T20,20,2010,club,Himachal Pradesh Cricket Association Stadium,Chennai Super Kings,Punjab Kings,Chennai Super Kings,field,Chennai Super Kings,,6.0,38.0,win,League,2010,Wickets
419160,2010,6,Delhi,2010-04-18,Indian Premier League,55.0,male,T20,T20,20,2010,club,Feroz Shah Kotla,Sunrisers Hyderabad,Delhi Capitals,Sunrisers Hyderabad,bat,Sunrisers Hyderabad,11.0,,12010.0,win,League,2010,Runs
419161,2010,6,Kolkata,2010-04-19,Indian Premier League,56.0,male,T20,T20,20,2010,club,Eden Gardens,Mumbai Indians,Kolkata Knight Riders,Mumbai Indians,bat,Kolkata Knight Riders,,9.0,11928.0,win,League,2010,Wickets
419162,2010,6,Mumbai,2010-04-21,Indian Premier League,,male,T20,T20,20,2010,club,Dr DY Patil Sports Academy,Mumbai Indians,Royal Challengers Bangalore,Mumbai Indians,bat,Mumbai Indians,35.0,,29.0,win,League,2010,Runs
419163,2010,6,Mumbai,2010-04-22,Indian Premier League,,male,T20,T20,20,2010,club,Dr DY Patil Sports Academy,Chennai Super Kings,Chennai Super Kings,Sunrisers Hyderabad,bat,Chennai Super Kings,38.0,,15140.0,win,League,2010,Runs
419164,2010,6,Mumbai,2010-04-24,Indian Premier League,,male,T20,T20,20,2010,club,Dr DY Patil Sports Academy,Sunrisers Hyderabad,Royal Challengers Bangalore,Sunrisers Hyderabad,bat,Royal Challengers Bangalore,,9.0,12160.0,win,League,2010,Wickets
419165,2010,6,Mumbai,2010-04-25,Indian Premier League,,male,T20,T20,20,2010,club,Dr DY Patil Sports Academy,Chennai Super Kings,Chennai Super Kings,Mumbai Indians,bat,Chennai Super Kings,22.0,,47.0,win,League,2010,Runs
501198,2011,6,Chennai,2011-04-08,Indian Premier League,1.0,male,T20,T20,20,2011,club,"MA Chidambaram Stadium, Chepauk",Chennai Super Kings,Chennai Super Kings,Kolkata Knight Riders,bat,Chennai Super Kings,2.0,,12471.0,win,League,2011,Runs
501199,2011,6,Hyderabad,2011-04-09,Indian Premier League,2.0,male,T20,T20,20,2011,club,"Rajiv Gandhi International Stadium, Uppal",Rajasthan Royals,Sunrisers Hyderabad,Rajasthan Royals,field,Rajasthan Royals,,8.0,11972.0,win,League,2011,Wickets
501200,2011,6,Kochi,2011-04-09,Indian Premier League,3.0,male,T20,T20,20,2011,club,Nehru Stadium,Kochi Tuskers Kerala,Kochi Tuskers Kerala,Royal Challengers Bangalore,bat,Royal Challengers Bangalore,,6.0,245.0,win,League,2011,Wickets
501201,2011,6,Delhi,2011-04-10,Indian Premier League,4.0,male,T20,T20,20,2011,club,Feroz Shah Kotla,Delhi Capitals,Delhi Capitals,Mumbai Indians,bat,Mumbai Indians,,8.0,230.0,win,League,2011,Wickets
501202,2011,6,Mumbai,2011-04-10,Indian Premier League,5.0,male,T20,T20,20,2011,club,Dr DY Patil Sports Academy,Punjab Kings,Pune Warriors,Punjab Kings,bat,Pune Warriors,,7.0,15150.0,win,League,2011,Wickets
501203,2011,6,Kolkata,2011-04-11,Indian Premier League,6.0,male,T20,T20,20,2011,club,Eden Gardens,Kolkata Knight Riders,Kolkata Knight Riders,Sunrisers Hyderabad,bat,Kolkata Knight Riders,9.0,,11933.0,win,League,2011,Runs
501204,2011,6,Jaipur,2011-04-12,Indian Premier League,7.0,male,T20,T20,20,2011,club,Sawai Mansingh Stadium,Delhi Capitals,Rajasthan Royals,Delhi Capitals,bat,Rajasthan Royals,,6.0,11971.0,win,League,2011,Wickets
501205,2011,6,Bangalore,2011-04-12,Indian Premier League,8.0,male,T20,T20,20,2011,club,M Chinnaswamy Stadium,Mumbai Indians,Royal Challengers Bangalore,Mumbai Indians,field,Mumbai Indians,,9.0,12580.0,win,League,2011,Wickets
501206,2011,6,Chandigarh,2011-04-13,Indian Premier League,9.0,male,T20,T20,20,2011,club,"Punjab Cricket Association Stadium, Mohali",Punjab Kings,Punjab Kings,Chennai Super Kings,field,Punjab Kings,,6.0,13383.0,win,League,2011,Wickets
501207,2011,6,Mumbai,2011-04-13,Indian Premier League,10.0,male,T20,T20,20,2011,club,Dr DY Patil Sports Academy,Kochi Tuskers Kerala,Pune Warriors,Kochi Tuskers Kerala,bat,Pune Warriors,,4.0,14757.0,win,League,2011,Wickets
501208,2011,6,Hyderabad,2011-04-14,Indian Premier League,11.0,male,T20,T20,20,2011,club,"Rajiv Gandhi International Stadium, Uppal",Royal Challengers Bangalore,Sunrisers Hyderabad,Royal Challengers Bangalore,field,Sunrisers Hyderabad,33.0,,3451.0,win,League,2011,Runs
501209,2011,6,Jaipur,2011-04-15,Indian Premier League,12.0,male,T20,T20,20,2011,club,Sawai Mansingh Stadium,Kolkata Knight Riders,Rajasthan Royals,Kolkata Knight Riders,field,Kolkata Knight Riders,,9.0,56.0,win,League,2011,Wickets
501210,2011,6,Mumbai,2011-04-15,Indian Premier League,13.0,male,T20,T20,20,2011,club,Wankhede Stadium,Kochi Tuskers Kerala,Mumbai Indians,Kochi Tuskers Kerala,field,Kochi Tuskers Kerala,,8.0,46.0,win,League,2011,Wickets
501211,2011,6,Chennai,2011-04-16,Indian Premier League,14.0,male,T20,T20,20,2011,club,"MA Chidambaram Stadium, Chepauk",Chennai Super Kings,Chennai Super Kings,Royal Challengers Bangalore,bat,Chennai Super Kings,21.0,,11943.0,win,League,2011,Runs
501212,2011,6,Hyderabad,2011-04-16,Indian Premier League,15.0,male,T20,T20,20,2011,club,"Rajiv Gandhi International Stadium, Uppal",Punjab Kings,Sunrisers Hyderabad,Punjab Kings,field,Punjab Kings,,8.0,13383.0,win,League,2011,Wickets
501213,2011,6,Mumbai,2011-04-17,Indian Premier League,16.0,male,T20,T20,20,2011,club,Dr DY Patil Sports Academy,Delhi Capitals,Pune Warriors,Delhi Capitals,field,Delhi Capitals,,3.0,15.0,win,League,2011,Wickets
501214,2011,6,Kolkata,2011-04-17,Indian Premier League,17.0,male,T20,T20,20,2011,club,Eden Gardens,Kolkata Knight Riders,Kolkata Knight Riders,Rajasthan Royals,field,Kolkata Knight Riders,,8.0,12523.0,win,League,2011,Wickets
501215,2011,6,Kochi,2011-04-18,Indian Premier League,18.0,male,T20,T20,20,2011,club,Nehru Stadium,Kochi Tuskers Kerala,Kochi Tuskers Kerala,Chennai Super Kings,field,Kochi Tuskers Kerala,,7.0,46.0,win,League,2011,Wickets
501216,2011,6,Delhi,2011-04-19,Indian Premier League,19.0,male,T20,T20,20,2011,club,Feroz Shah Kotla,Sunrisers Hyderabad,Delhi Capitals,Sunrisers Hyderabad,bat,Sunrisers Hyderabad,16.0,,12035.0,win,League,2011,Runs
501218,2011,6,Mumbai,2011-04-20,Indian Premier League,21.0,male,T20,T20,20,2011,club,Wankhede Stadium,Pune Warriors,Mumbai Indians,Pune Warriors,bat,Mumbai Indians,,7.0,418.0,win,League,2011,Wickets
501219,2011,6,Kolkata,2011-04-20,Indian Premier League,22.0,male,T20,T20,20,2011,club,Eden Gardens,Kolkata Knight Riders,Kolkata Knight Riders,Kochi Tuskers Kerala,field,Kochi Tuskers Kerala,6.0,,12032.0,win,League,2011,Runs
501220,2011,6,Chandigarh,2011-04-21,Indian Premier League,23.0,male,T20,T20,20,2011,club,"Punjab Cricket Association Stadium, Mohali",Rajasthan Royals,Punjab Kings,Rajasthan Royals,field,Punjab Kings,48.0,,541.0,win,League,2011,Runs
501221,2011,6,Mumbai,2011-04-22,Indian Premier League,25.0,male,T20,T20,20,2011,club,Wankhede Stadium,Chennai Super Kings,Mumbai Indians,Chennai Super Kings,field,Mumbai Indians,8.0,,228.0,win,League,2011,Runs
501222,2011,6,Kolkata,2011-04-22,Indian Premier League,24.0,male,T20,T20,20,2011,club,Eden Gardens,Royal Challengers Bangalore,Kolkata Knight Riders,Royal Challengers Bangalore,field,Royal Challengers Bangalore,,9.0,1.0,win,League,2011,Wickets
501223,2011,6,Delhi,2011-04-23,Indian Premier League,26.0,male,T20,T20,20,2011,club,Feroz Shah Kotla,Punjab Kings,Delhi Capitals,Punjab Kings,field,Delhi Capitals,29.0,,12.0,win,League,2011,Runs
501224,2011,6,Hyderabad,2011-04-24,Indian Premier League,27.0,male,T20,T20,20,2011,club,"Rajiv Gandhi International Stadium, Uppal",Sunrisers Hyderabad,Sunrisers Hyderabad,Mumbai Indians,field,Mumbai Indians,37.0,,230.0,win,League,2011,Runs
501225,2011,6,Jaipur,2011-04-24,Indian Premier League,28.0,male,T20,T20,20,2011,club,Sawai Mansingh Stadium,Rajasthan Royals,Rajasthan Royals,Kochi Tuskers Kerala,field,Rajasthan Royals,,8.0,11971.0,win,League,2011,Wickets
501226,2011,6,Chennai,2011-04-25,Indian Premier League,29.0,male,T20,T20,20,2011,club,"MA Chidambaram Stadium, Chepauk",Pune Warriors,Chennai Super Kings,Pune Warriors,field,Chennai Super Kings,25.0,,11943.0,win,League,2011,Runs
501227,2011,6,Delhi,2011-04-26,Indian Premier League,30.0,male,T20,T20,20,2011,club,Feroz Shah Kotla,Royal Challengers Bangalore,Delhi Capitals,Royal Challengers Bangalore,field,Royal Challengers Bangalore,,3.0,332.0,win,League,2011,Wickets
501228,2011,6,Mumbai,2011-04-27,Indian Premier League,31.0,male,T20,T20,20,2011,club,Dr DY Patil Sports Academy,Pune Warriors,Pune Warriors,Chennai Super Kings,bat,Chennai Super Kings,,8.0,15140.0,win,League,2011,Wickets
501229,2011,6,Kochi,2011-04-27,Indian Premier League,32.0,male,T20,T20,20,2011,club,Nehru Stadium,Kochi Tuskers Kerala,Kochi Tuskers Kerala,Sunrisers Hyderabad,field,Sunrisers Hyderabad,55.0,,308.0,win,League,2011,Runs
501230,2011,6,Delhi,2011-04-28,Indian Premier League,33.0,male,T20,T20,20,2011,club,Feroz Shah Kotla,Delhi Capitals,Delhi Capitals,Kolkata Knight Riders,field,Kolkata Knight Riders,17.0,,39.0,win,League,2011,Runs
501231,2011,6,Jaipur,2011-04-29,Indian Premier League,34.0,male,T20,T20,20,2011,club,Sawai Mansingh Stadium,Rajasthan Royals,Rajasthan Royals,Mumbai Indians,field,Rajasthan Royals,,7.0,14136.0,win,League,2011,Wickets
501232,2011,6,Bangalore,2011-04-29,Indian Premier League,35.0,male,T20,T20,20,2011,club,M Chinnaswamy Stadium,Pune Warriors,Royal Challengers Bangalore,Pune Warriors,field,Royal Challengers Bangalore,26.0,,332.0,win,League,2011,Runs
501233,2011,6,Kochi,2011-04-30,Indian Premier League,36.0,male,T20,T20,20,2011,club,Nehru Stadium,Delhi Capitals,Kochi Tuskers Kerala,Delhi Capitals,bat,Delhi Capitals,38.0,,11975.0,win,League,2011,Runs
501234,2011,6,Kolkata,2011-04-30,Indian Premier League,37.0,male,T20,T20,20,2011,club,Eden Gardens,Kolkata Knight Riders,Kolkata Knight Riders,Punjab Kings,field,Kolkata Knight Riders,,8.0,173.0,win,League,2011,Wickets
501235,2011,6,Jaipur,2011-05-01,Indian Premier League,38.0,male,T20,T20,20,2011,club,Sawai Mansingh Stadium,Rajasthan Royals,Rajasthan Royals,Pune Warriors,field,Rajasthan Royals,,6.0,11998.0,win,League,2011,Wickets
501236,2011,6,Chennai,2011-05-01,Indian Premier League,39.0,male,T20,T20,20,2011,club,"MA Chidambaram Stadium, Chepauk",Chennai Super Kings,Chennai Super Kings,Sunrisers Hyderabad,bat,Chennai Super Kings,19.0,,12234.0,win,League,2011,Runs
501237,2011,6,Mumbai,2011-05-02,Indian Premier League,40.0,male,T20,T20,20,2011,club,Wankhede Stadium,Punjab Kings,Mumbai Indians,Punjab Kings,field,Mumbai Indians,23.0,,29.0,win,League,2011,Runs
501238,2011,6,Delhi,2011-05-02,Indian Premier League,41.0,male,T20,T20,20,2011,club,Feroz Shah Kotla,Kochi Tuskers Kerala,Delhi Capitals,Kochi Tuskers Kerala,field,Kochi Tuskers Kerala,,7.0,16648.0,win,League,2011,Wickets
501239,2011,6,Hyderabad,2011-05-03,Indian Premier League,42.0,male,T20,T20,20,2011,club,"Rajiv Gandhi International Stadium, Uppal",Sunrisers Hyderabad,Sunrisers Hyderabad,Kolkata Knight Riders,field,Kolkata Knight Riders,20.0,,60.0,win,League,2011,Runs
501240,2011,6,Chennai,2011-05-04,Indian Premier League,43.0,male,T20,T20,20,2011,club,"MA Chidambaram Stadium, Chepauk",Rajasthan Royals,Chennai Super Kings,Rajasthan Royals,bat,Chennai Super Kings,,8.0,11943.0,win,League,2011,Wickets
501241,2011,6,Mumbai,2011-05-04,Indian Premier League,44.0,male,T20,T20,20,2011,club,Dr DY Patil Sports Academy,Pune Warriors,Pune Warriors,Mumbai Indians,field,Mumbai Indians,21.0,,14765.0,win,League,2011,Runs
501242,2011,6,Kochi,2011-05-05,Indian Premier League,45.0,male,T20,T20,20,2011,club,Nehru Stadium,Kolkata Knight Riders,Kochi Tuskers Kerala,Kolkata Knight Riders,field,Kochi Tuskers Kerala,17.0,,12318.0,win,League,2011,Runs
501243,2011,6,Hyderabad,2011-05-05,Indian Premier League,46.0,male,T20,T20,20,2011,club,"Rajiv Gandhi International Stadium, Uppal",Delhi Capitals,Sunrisers Hyderabad,Delhi Capitals,field,Delhi Capitals,,4.0,11975.0,win,League,2011,Wickets
501244,2011,6,Bangalore,2011-05-06,Indian Premier League,47.0,male,T20,T20,20,2011,club,M Chinnaswamy Stadium,Punjab Kings,Royal Challengers Bangalore,Punjab Kings,field,Royal Challengers Bangalore,85.0,,1.0,win,League,2011,Runs
501245,2011,6,Kolkata,2011-05-07,Indian Premier League,48.0,male,T20,T20,20,2011,club,Eden Gardens,Chennai Super Kings,Kolkata Knight Riders,Chennai Super Kings,bat,Kolkata Knight Riders,10.0,,173.0,win,League,2011,Runs
501246,2011,6,Mumbai,2011-05-07,Indian Premier League,49.0,male,T20,T20,20,2011,club,Wankhede Stadium,Delhi Capitals,Mumbai Indians,Delhi Capitals,field,Mumbai Indians,32.0,,27.0,win,League,2011,Runs
501247,2011,6,Bangalore,2011-05-08,Indian Premier League,50.0,male,T20,T20,20,2011,club,M Chinnaswamy Stadium,Kochi Tuskers Kerala,Royal Challengers Bangalore,Kochi Tuskers Kerala,bat,Royal Challengers Bangalore,,9.0,1.0,win,League,2011,Wickets
501248,2011,6,Chandigarh,2011-05-08,Indian Premier League,51.0,male,T20,T20,20,2011,club,"Punjab Cricket Association Stadium, Mohali",Punjab Kings,Punjab Kings,Pune Warriors,bat,Pune Warriors,,5.0,14765.0,win,League,2011,Wickets
501249,2011,6,Jaipur,2011-05-09,Indian Premier League,52.0,male,T20,T20,20,2011,club,Sawai Mansingh Stadium,Rajasthan Royals,Rajasthan Royals,Chennai Super Kings,field,Chennai Super Kings,63.0,,1630.0,win,League,2011,Runs
501250,2011,6,Hyderabad,2011-05-10,Indian Premier League,53.0,male,T20,T20,20,2011,club,"Rajiv Gandhi International Stadium, Uppal",Sunrisers Hyderabad,Sunrisers Hyderabad,Pune Warriors,bat,Pune Warriors,,6.0,4960.0,win,League,2011,Wickets
501251,2011,6,Chandigarh,2011-05-10,Indian Premier League,54.0,male,T20,T20,20,2011,club,"Punjab Cricket Association Stadium, Mohali",Mumbai Indians,Punjab Kings,Mumbai Indians,field,Punjab Kings,76.0,,15867.0,win,League,2011,Runs
501252,2011,6,Jaipur,2011-05-11,Indian Premier League,55.0,male,T20,T20,20,2011,club,Sawai Mansingh Stadium,Royal Challengers Bangalore,Rajasthan Royals,Royal Challengers Bangalore,field,Royal Challengers Bangalore,,9.0,8.0,win,League,2011,Wickets
501253,2011,6,Chennai,2011-05-12,Indian Premier League,56.0,male,T20,T20,20,2011,club,"MA Chidambaram Stadium, Chepauk",Chennai Super Kings,Chennai Super Kings,Delhi Capitals,bat,Chennai Super Kings,18.0,,38.0,win,League,2011,Runs
501254,2011,6,Indore,2011-05-13,Indian Premier League,57.0,male,T20,T20,20,2011,club,Holkar Cricket Stadium,Punjab Kings,Kochi Tuskers Kerala,Punjab Kings,field,Punjab Kings,,6.0,49.0,win,League,2011,Wickets
501255,2011,6,Bangalore,2011-05-14,Indian Premier League,58.0,male,T20,T20,20,2011,club,M Chinnaswamy Stadium,Royal Challengers Bangalore,Royal Challengers Bangalore,Kolkata Knight Riders,field,Royal Challengers Bangalore,,4.0,1.0,win,League,2011,Wickets
501256,2011,6,Mumbai,2011-05-14,Indian Premier League,59.0,male,T20,T20,20,2011,club,Wankhede Stadium,Sunrisers Hyderabad,Mumbai Indians,Sunrisers Hyderabad,bat,Sunrisers Hyderabad,10.0,,185.0,win,League,2011,Runs
501257,2011,6,Dharamsala,2011-05-15,Indian Premier League,60.0,male,T20,T20,20,2011,club,Himachal Pradesh Cricket Association Stadium,Delhi Capitals,Punjab Kings,Delhi Capitals,field,Punjab Kings,29.0,,63.0,win,League,2011,Runs
501258,2011,6,Indore,2011-05-15,Indian Premier League,61.0,male,T20,T20,20,2011,club,Holkar Cricket Stadium,Kochi Tuskers Kerala,Kochi Tuskers Kerala,Rajasthan Royals,field,Kochi Tuskers Kerala,,8.0,12318.0,win,League,2011,Wickets
501259,2011,6,Mumbai,2011-05-16,Indian Premier League,62.0,male,T20,T20,20,2011,club,Dr DY Patil Sports Academy,Sunrisers Hyderabad,Pune Warriors,Sunrisers Hyderabad,field,Sunrisers Hyderabad,,6.0,185.0,win,League,2011,Wickets
501260,2011,6,Dharamsala,2011-05-17,Indian Premier League,63.0,male,T20,T20,20,2011,club,Himachal Pradesh Cricket Association Stadium,Punjab Kings,Punjab Kings,Royal Challengers Bangalore,bat,Punjab Kings,111.0,,12007.0,win,League,2011,Runs
501261,2011,6,Chennai,2011-05-18,Indian Premier League,64.0,male,T20,T20,20,2011,club,"MA Chidambaram Stadium, Chepauk",Chennai Super Kings,Chennai Super Kings,Kochi Tuskers Kerala,bat,Chennai Super Kings,11.0,,69.0,win,League,2011,Runs
501262,2011,6,Mumbai,2011-05-19,Indian Premier League,65.0,male,T20,T20,20,2011,club,Dr DY Patil Sports Academy,Kolkata Knight Riders,Pune Warriors,Kolkata Knight Riders,field,Kolkata Knight Riders,,7.0,60.0,win,League,2011,Wickets
501263,2011,6,Mumbai,2011-05-20,Indian Premier League,66.0,male,T20,T20,20,2011,club,Wankhede Stadium,Mumbai Indians,Mumbai Indians,Rajasthan Royals,bat,Rajasthan Royals,,10.0,5.0,win,League,2011,Wickets
501264,2011,6,Dharamsala,2011-05-21,Indian Premier League,67.0,male,T20,T20,20,2011,club,Himachal Pradesh Cricket Association Stadium,Punjab Kings,Punjab Kings,Sunrisers Hyderabad,field,Sunrisers Hyderabad,82.0,,13.0,win,League,2011,Runs
501265,2011,6,Delhi,2011-05-21,Indian Premier League,68.0,male,T20,T20,20,2011,club,Feroz Shah Kotla,Delhi Capitals,Delhi Capitals,Pune Warriors,bat,,,,,no result,League,2011,No Result / Tie
501266,2011,6,Bangalore,2011-05-22,Indian Premier League,69.0,male,T20,T20,20,2011,club,M Chinnaswamy Stadium,Royal Challengers Bangalore,Royal Challengers Bangalore,Chennai Super Kings,field,Royal Challengers Bangalore,,8.0,1.0,win,League,2011,Wickets
501267,2011,6,Kolkata,2011-05-22,Indian Premier League,70.0,male,T20,T20,20,2011,club,Eden Gardens,Mumbai Indians,Kolkata Knight Riders,Mumbai Indians,field,Mumbai Indians,,5.0,15851.0,win,League,2011,Wickets
501268,2011,6,Mumbai,2011-05-24,Indian Premier League,,male,T20,T20,20,2011,club,Wankhede Stadium,Chennai Super Kings,Royal Challengers Bangalore,Chennai Super Kings,field,Chennai Super Kings,,6.0,47.0,win,League,2011,Wickets
501269,2011,6,Mumbai,2011-05-25,Indian Premier League,,male,T20,T20,20,2011,club,Wankhede Stadium,Mumbai Indians,Mumbai Indians,Kolkata Knight Riders,field,Mumbai Indians,,4.0,418.0,win,League,2011,Wickets
501270,2011,6,Chennai,2011-05-27,Indian Premier League,,male,T20,T20,20,2011,club,"MA Chidambaram Stadium, Chepauk",Mumbai Indians,Royal Challengers Bangalore,Mumbai Indians,field,Royal Challengers Bangalore,43.0,,1.0,win,League,2011,Runs
501271,2011,6,Chennai,2011-05-28,Indian Premier League,,male,T20,T20,20,2011,club,"MA Chidambaram Stadium, Chepauk",Chennai Super Kings,Chennai Super Kings,Royal Challengers Bangalore,bat,Chennai Super Kings,58.0,,1630.0,win,League,2011,Runs
548306,2012,6,Chennai,2012-04-04,Indian Premier League,1.0,male,T20,T20,20,2012,club,"MA Chidambaram Stadium, Chepauk",Mumbai Indians,Chennai Super Kings,Mumbai Indians,field,Mumbai Indians,,8.0,34272.0,win,League,2012,Wickets
548307,2012,6,Kolkata,2012-04-05,Indian Premier League,2.0,male,T20,T20,20,2012,club,Eden Gardens,Delhi Capitals,Kolkata Knight Riders,Delhi Capitals,field,Delhi Capitals,,8.0,811.0,win,League,2012,Wickets
548308,2012,6,Mumbai,2012-04-06,Indian Premier League,3.0,male,T20,T20,20,2012,club,Wankhede Stadium,Mumbai Indians,Mumbai Indians,Pune Warriors,field,Pune Warriors,28.0,,36.0,win,League,2012,Runs
548309,2012,6,Jaipur,2012-04-06,Indian Premier League,4.0,male,T20,T20,20,2012,club,Sawai Mansingh Stadium,Punjab Kings,Rajasthan Royals,Punjab Kings,field,Rajasthan Royals,31.0,,34.0,win,League,2012,Runs
548310,2012,6,Bangalore,2012-04-07,Indian Premier League,5.0,male,T20,T20,20,2012,club,M Chinnaswamy Stadium,Delhi Capitals,Royal Challengers Bangalore,Delhi Capitals,field,Royal Challengers Bangalore,20.0,,245.0,win,League,2012,Runs
548311,2012,6,Visakhapatnam,2012-04-07,Indian Premier League,6.0,male,T20,T20,20,2012,club,Dr. Y.S. Rajasekhara Reddy ACA-VDCA Cricket Stadium,Sunrisers Hyderabad,Sunrisers Hyderabad,Chennai Super Kings,field,Chennai Super Kings,74.0,,348.0,win,League,2012,Runs
548312,2012,6,Jaipur,2012-04-08,Indian Premier League,7.0,male,T20,T20,20,2012,club,Sawai Mansingh Stadium,Kolkata Knight Riders,Rajasthan Royals,Kolkata Knight Riders,field,Rajasthan Royals,22.0,,12318.0,win,League,2012,Runs
548313,2012,6,Pune,2012-04-08,Indian Premier League,8.0,male,T20,T20,20,2012,club,Subrata Roy Sahara Stadium,Pune Warriors,Pune Warriors,Punjab Kings,bat,Pune Warriors,22.0,,963.0,win,League,2012,Runs
548314,2012,6,Visakhapatnam,2012-04-09,Indian Premier League,9.0,male,T20,T20,20,2012,club,Dr. Y.S. Rajasekhara Reddy ACA-VDCA Cricket Stadium,Sunrisers Hyderabad,Sunrisers Hyderabad,Mumbai Indians,bat,Mumbai Indians,,5.0,25.0,win,League,2012,Wickets
548315,2012,6,Bangalore,2012-04-10,Indian Premier League,10.0,male,T20,T20,20,2012,club,M Chinnaswamy Stadium,Royal Challengers Bangalore,Royal Challengers Bangalore,Kolkata Knight Riders,field,Kolkata Knight Riders,42.0,,12523.0,win,League,2012,Runs
548316,2012,6,Delhi,2012-04-10,Indian Premier League,11.0,male,T20,T20,20,2012,club,Feroz Shah Kotla,Delhi Capitals,Delhi Capitals,Chennai Super Kings,field,Delhi Capitals,,8.0,13863.0,win,League,2012,Wickets
548317,2012,6,Mumbai,2012-04-11,Indian Premier League,12.0,male,T20,T20,20,2012,club,Wankhede Stadium,Rajasthan Royals,Mumbai Indians,Rajasthan Royals,field,Mumbai Indians,27.0,,29.0,win,League,2012,Runs
548318,2012,6,Chennai,2012-04-12,Indian Premier League,13.0,male,T20,T20,20,2012,club,"MA Chidambaram Stadium, Chepauk",Royal Challengers Bangalore,Chennai Super Kings,Royal Challengers Bangalore,bat,Chennai Super Kings,,5.0,267.0,win,League,2012,Wickets
548319,2012,6,Chandigarh,2012-04-12,Indian Premier League,14.0,male,T20,T20,20,2012,club,"Punjab Cricket Association Stadium, Mohali",Punjab Kings,Punjab Kings,Pune Warriors,field,Punjab Kings,,7.0,12661.0,win,League,2012,Wickets
548320,2012,6,Kolkata,2012-04-13,Indian Premier League,15.0,male,T20,T20,20,2012,club,Eden Gardens,Rajasthan Royals,Kolkata Knight Riders,Rajasthan Royals,bat,Kolkata Knight Riders,,5.0,579.0,win,League,2012,Wickets
548321,2012,6,Delhi,2012-04-19,Indian Premier League,23.0,male,T20,T20,20,2012,club,Feroz Shah Kotla,Sunrisers Hyderabad,Delhi Capitals,Sunrisers Hyderabad,bat,Delhi Capitals,,5.0,13231.0,win,League,2012,Wickets
548322,2012,6,Pune,2012-04-14,Indian Premier League,16.0,male,T20,T20,20,2012,club,Subrata Roy Sahara Stadium,Chennai Super Kings,Pune Warriors,Chennai Super Kings,bat,Pune Warriors,,7.0,13228.0,win,League,2012,Wickets
548323,2012,6,Kolkata,2012-04-15,Indian Premier League,17.0,male,T20,T20,20,2012,club,Eden Gardens,Kolkata Knight Riders,Kolkata Knight Riders,Punjab Kings,field,Punjab Kings,2.0,,65.0,win,League,2012,Runs
548324,2012,6,Bangalore,2012-04-15,Indian Premier League,18.0,male,T20,T20,20,2012,club,M Chinnaswamy Stadium,Rajasthan Royals,Royal Challengers Bangalore,Rajasthan Royals,bat,Rajasthan Royals,59.0,,34.0,win,League,2012,Runs
548325,2012,6,Mumbai,2012-04-16,Indian Premier League,19.0,male,T20,T20,20,2012,club,Wankhede Stadium,Delhi Capitals,Mumbai Indians,Delhi Capitals,field,Delhi Capitals,,7.0,186.0,win,League,2012,Wickets
548326,2012,6,Jaipur,2012-04-17,Indian Premier League,20.0,male,T20,T20,20,2012,club,Sawai Mansingh Stadium,Sunrisers Hyderabad,Rajasthan Royals,Sunrisers Hyderabad,bat,Rajasthan Royals,,5.0,12318.0,win,League,2012,Wickets
548327,2012,6,Bangalore,2012-04-17,Indian Premier League,21.0,male,T20,T20,20,2012,club,M Chinnaswamy Stadium,Pune Warriors,Royal Challengers Bangalore,Pune Warriors,bat,Royal Challengers Bangalore,,6.0,1.0,win,League,2012,Wickets
548328,2012,6,Chandigarh,2012-04-18,Indian Premier League,22.0,male,T20,T20,20,2012,club,"Punjab Cricket Association Stadium, Mohali",Punjab Kings,Punjab Kings,Kolkata Knight Riders,bat,Kolkata Knight Riders,,8.0,56.0,win,League,2012,Wickets
548329,2012,6,Hyderabad,2012-05-10,Indian Premier League,55.0,male,T20,T20,20,2012,club,"Rajiv Gandhi International Stadium, Uppal",Sunrisers Hyderabad,Sunrisers Hyderabad,Delhi Capitals,bat,Delhi Capitals,,9.0,12.0,win,League,2012,Wickets
548330,2012,6,Chennai,2012-04-19,Indian Premier League,24.0,male,T20,T20,20,2012,club,"MA Chidambaram Stadium, Chepauk",Pune Warriors,Chennai Super Kings,Pune Warriors,field,Chennai Super Kings,13.0,,16414.0,win,League,2012,Runs
548331,2012,6,Chandigarh,2012-04-20,Indian Premier League,25.0,male,T20,T20,20,2012,club,"Punjab Cricket Association Stadium, Mohali",Royal Challengers Bangalore,Punjab Kings,Royal Challengers Bangalore,field,Royal Challengers Bangalore,,5.0,1.0,win,League,2012,Wickets
548332,2012,6,Chennai,2012-04-21,Indian Premier League,26.0,male,T20,T20,20,2012,club,"MA Chidambaram Stadium, Chepauk",Rajasthan Royals,Chennai Super Kings,Rajasthan Royals,bat,Chennai Super Kings,,7.0,267.0,win,League,2012,Wickets
548333,2012,6,Delhi,2012-04-21,Indian Premier League,27.0,male,T20,T20,20,2012,club,Feroz Shah Kotla,Delhi Capitals,Delhi Capitals,Pune Warriors,field,Pune Warriors,20.0,,11919.0,win,League,2012,Runs
548334,2012,6,Mumbai,2012-04-22,Indian Premier League,28.0,male,T20,T20,20,2012,club,Wankhede Stadium,Mumbai Indians,Mumbai Indians,Punjab Kings,bat,Punjab Kings,,6.0,541.0,win,League,2012,Wickets
548335,2012,6,Cuttack,2012-04-22,Indian Premier League,29.0,male,T20,T20,20,2012,club,Barabati Stadium,Kolkata Knight Riders,Sunrisers Hyderabad,Kolkata Knight Riders,field,Kolkata Knight Riders,,5.0,11959.0,win,League,2012,Wickets
548336,2012,6,Jaipur,2012-04-23,Indian Premier League,30.0,male,T20,T20,20,2012,club,Sawai Mansingh Stadium,Rajasthan Royals,Rajasthan Royals,Royal Challengers Bangalore,field,Royal Challengers Bangalore,46.0,,245.0,win,League,2012,Runs
548337,2012,6,Pune,2012-04-24,Indian Premier League,31.0,male,T20,T20,20,2012,club,Subrata Roy Sahara Stadium,Pune Warriors,Pune Warriors,Delhi Capitals,bat,Delhi Capitals,,8.0,11975.0,win,League,2012,Wickets
548339,2012,6,Chandigarh,2012-04-25,Indian Premier League,33.0,male,T20,T20,20,2012,club,"Punjab Cricket Association Stadium, Mohali",Punjab Kings,Punjab Kings,Mumbai Indians,bat,Mumbai Indians,,4.0,27.0,win,League,2012,Wickets
548341,2012,6,Pune,2012-04-26,Indian Premier League,35.0,male,T20,T20,20,2012,club,Subrata Roy Sahara Stadium,Sunrisers Hyderabad,Pune Warriors,Sunrisers Hyderabad,bat,Sunrisers Hyderabad,18.0,,11934.0,win,League,2012,Runs
548342,2012,6,Delhi,2012-04-27,Indian Premier League,36.0,male,T20,T20,20,2012,club,Feroz Shah Kotla,Mumbai Indians,Delhi Capitals,Mumbai Indians,field,Delhi Capitals,37.0,,11975.0,win,League,2012,Runs
548343,2012,6,Chennai,2012-04-28,Indian Premier League,37.0,male,T20,T20,20,2012,club,"MA Chidambaram Stadium, Chepauk",Punjab Kings,Chennai Super Kings,Punjab Kings,bat,Punjab Kings,7.0,,2.0,win,League,2012,Runs
548344,2012,6,Kolkata,2012-04-28,Indian Premier League,38.0,male,T20,T20,20,2012,club,Eden Gardens,Kolkata Knight Riders,Kolkata Knight Riders,Royal Challengers Bangalore,bat,Kolkata Knight Riders,47.0,,56.0,win,League,2012,Runs
548345,2012,6,Delhi,2012-04-29,Indian Premier League,39.0,male,T20,T20,20,2012,club,Feroz Shah Kotla,Delhi Capitals,Delhi Capitals,Rajasthan Royals,bat,Delhi Capitals,1.0,,11975.0,win,League,2012,Runs
548346,2012,6,Mumbai,2012-04-29,Indian Premier League,40.0,male,T20,T20,20,2012,club,Wankhede Stadium,Mumbai Indians,Mumbai Indians,Sunrisers Hyderabad,field,Mumbai Indians,,5.0,3451.0,win,League,2012,Wickets
548347,2012,6,Chennai,2012-04-30,Indian Premier League,41.0,male,T20,T20,20,2012,club,"MA Chidambaram Stadium, Chepauk",Chennai Super Kings,Chennai Super Kings,Kolkata Knight Riders,bat,Kolkata Knight Riders,,5.0,56.0,win,League,2012,Wickets
548348,2012,6,Cuttack,2012-05-01,Indian Premier League,42.0,male,T20,T20,20,2012,club,Barabati Stadium,Sunrisers Hyderabad,Sunrisers Hyderabad,Pune Warriors,bat,Sunrisers Hyderabad,13.0,,11954.0,win,League,2012,Runs
548349,2012,6,Jaipur,2012-05-01,Indian Premier League,43.0,male,T20,T20,20,2012,club,Sawai Mansingh Stadium,Rajasthan Royals,Rajasthan Royals,Delhi Capitals,bat,Delhi Capitals,,6.0,172.0,win,League,2012,Wickets
548350,2012,6,Bangalore,2012-05-02,Indian Premier League,44.0,male,T20,T20,20,2012,club,M Chinnaswamy Stadium,Punjab Kings,Royal Challengers Bangalore,Punjab Kings,field,Punjab Kings,,4.0,34817.0,win,League,2012,Wickets
548351,2012,6,Pune,2012-05-03,Indian Premier League,45.0,male,T20,T20,20,2012,club,Subrata Roy Sahara Stadium,Mumbai Indians,Pune Warriors,Mumbai Indians,bat,Mumbai Indians,1.0,,230.0,win,League,2012,Runs
548352,2012,6,Chennai,2012-05-04,Indian Premier League,46.0,male,T20,T20,20,2012,club,"MA Chidambaram Stadium, Chepauk",Chennai Super Kings,Chennai Super Kings,Sunrisers Hyderabad,bat,Chennai Super Kings,10.0,,47.0,win,League,2012,Runs
548353,2012,6,Kolkata,2012-05-05,Indian Premier League,47.0,male,T20,T20,20,2012,club,Eden Gardens,Kolkata Knight Riders,Kolkata Knight Riders,Pune Warriors,bat,Kolkata Knight Riders,7.0,,65.0,win,League,2012,Runs
548354,2012,6,Chandigarh,2012-05-05,Indian Premier League,48.0,male,T20,T20,20,2012,club,"Punjab Cricket Association Stadium, Mohali",Rajasthan Royals,Punjab Kings,Rajasthan Royals,bat,Rajasthan Royals,43.0,,5.0,win,League,2012,Runs
548355,2012,6,Mumbai,2012-05-06,Indian Premier League,49.0,male,T20,T20,20,2012,club,Wankhede Stadium,Mumbai Indians,Mumbai Indians,Chennai Super Kings,field,Mumbai Indians,,2.0,50.0,win,League,2012,Wickets
548356,2012,6,Bangalore,2012-05-06,Indian Premier League,50.0,male,T20,T20,20,2012,club,M Chinnaswamy Stadium,Royal Challengers Bangalore,Royal Challengers Bangalore,Sunrisers Hyderabad,field,Royal Challengers Bangalore,,5.0,245.0,win,League,2012,Wickets
548357,2012,6,Delhi,2012-05-07,Indian Premier League,51.0,male,T20,T20,20,2012,club,Feroz Shah Kotla,Delhi Capitals,Delhi Capitals,Kolkata Knight Riders,bat,Kolkata Knight Riders,,6.0,11933.0,win,League,2012,Wickets
548358,2012,6,Pune,2012-05-08,Indian Premier League,52.0,male,T20,T20,20,2012,club,Subrata Roy Sahara Stadium,Pune Warriors,Pune Warriors,Rajasthan Royals,bat,Rajasthan Royals,,7.0,5.0,win,League,2012,Wickets
548359,2012,6,Hyderabad,2012-05-08,Indian Premier League,53.0,male,T20,T20,20,2012,club,"Rajiv Gandhi International Stadium, Uppal",Sunrisers Hyderabad,Sunrisers Hyderabad,Punjab Kings,field,Punjab Kings,25.0,,2.0,win,League,2012,Runs
548360,2012,6,Mumbai,2012-05-09,Indian Premier League,54.0,male,T20,T20,20,2012,club,Wankhede Stadium,Royal Challengers Bangalore,Mumbai Indians,Royal Challengers Bangalore,field,Royal Challengers Bangalore,,9.0,1.0,win,League,2012,Wickets
548361,2012,6,Jaipur,2012-05-10,Indian Premier League,56.0,male,T20,T20,20,2012,club,Sawai Mansingh Stadium,Chennai Super Kings,Rajasthan Royals,Chennai Super Kings,field,Chennai Super Kings,,4.0,35239.0,win,League,2012,Wickets
548362,2012,6,Pune,2012-05-11,Indian Premier League,57.0,male,T20,T20,20,2012,club,Subrata Roy Sahara Stadium,Pune Warriors,Pune Warriors,Royal Challengers Bangalore,field,Royal Challengers Bangalore,35.0,,1.0,win,League,2012,Runs
548363,2012,6,Kolkata,2012-05-12,Indian Premier League,58.0,male,T20,T20,20,2012,club,Eden Gardens,Mumbai Indians,Kolkata Knight Riders,Mumbai Indians,bat,Mumbai Indians,27.0,,25.0,win,League,2012,Runs
548364,2012,6,Chennai,2012-05-12,Indian Premier League,59.0,male,T20,T20,20,2012,club,"MA Chidambaram Stadium, Chepauk",Chennai Super Kings,Chennai Super Kings,Delhi Capitals,field,Chennai Super Kings,,9.0,35239.0,win,League,2012,Wickets
548365,2012,6,Jaipur,2012-05-13,Indian Premier League,60.0,male,T20,T20,20,2012,club,Sawai Mansingh Stadium,Rajasthan Royals,Rajasthan Royals,Pune Warriors,bat,Rajasthan Royals,45.0,,34931.0,win,League,2012,Runs
548366,2012,6,Chandigarh,2012-05-13,Indian Premier League,61.0,male,T20,T20,20,2012,club,"Punjab Cricket Association Stadium, Mohali",Sunrisers Hyderabad,Punjab Kings,Sunrisers Hyderabad,bat,Punjab Kings,,4.0,11922.0,win,League,2012,Wickets
548367,2012,6,Bangalore,2012-05-14,Indian Premier League,62.0,male,T20,T20,20,2012,club,M Chinnaswamy Stadium,Mumbai Indians,Royal Challengers Bangalore,Mumbai Indians,field,Mumbai Indians,,5.0,27.0,win,League,2012,Wickets
548368,2012,6,Kolkata,2012-05-14,Indian Premier League,63.0,male,T20,T20,20,2012,club,Eden Gardens,Chennai Super Kings,Kolkata Knight Riders,Chennai Super Kings,field,Chennai Super Kings,,5.0,11943.0,win,League,2012,Wickets
548369,2012,6,Delhi,2012-05-15,Indian Premier League,64.0,male,T20,T20,20,2012,club,Feroz Shah Kotla,Punjab Kings,Delhi Capitals,Punjab Kings,bat,Delhi Capitals,,5.0,318.0,win,League,2012,Wickets
548370,2012,6,Mumbai,2012-05-16,Indian Premier League,65.0,male,T20,T20,20,2012,club,Wankhede Stadium,Mumbai Indians,Mumbai Indians,Kolkata Knight Riders,field,Kolkata Knight Riders,32.0,,65.0,win,League,2012,Runs
548371,2012,6,Dharamsala,2012-05-17,Indian Premier League,66.0,male,T20,T20,20,2012,club,Himachal Pradesh Cricket Association Stadium,Punjab Kings,Punjab Kings,Chennai Super Kings,field,Punjab Kings,,6.0,12007.0,win,League,2012,Wickets
548372,2012,6,Delhi,2012-05-17,Indian Premier League,67.0,male,T20,T20,20,2012,club,Feroz Shah Kotla,Delhi Capitals,Delhi Capitals,Royal Challengers Bangalore,field,Royal Challengers Bangalore,21.0,,1.0,win,League,2012,Runs
548373,2012,6,Hyderabad,2012-05-18,Indian Premier League,68.0,male,T20,T20,20,2012,club,"Rajiv Gandhi International Stadium, Uppal",Rajasthan Royals,Sunrisers Hyderabad,Rajasthan Royals,bat,Sunrisers Hyderabad,,5.0,3451.0,win,League,2012,Wickets
548374,2012,6,Dharamsala,2012-05-19,Indian Premier League,69.0,male,T20,T20,20,2012,club,Himachal Pradesh Cricket Association Stadium,Delhi Capitals,Punjab Kings,Delhi Capitals,field,Delhi Capitals,,6.0,318.0,win,League,2012,Wickets
548375,2012,6,Pune,2012-05-19,Indian Premier League,70.0,male,T20,T20,20,2012,club,Subrata Roy Sahara Stadium,Kolkata Knight Riders,Pune Warriors,Kolkata Knight Riders,bat,Kolkata Knight Riders,34.0,,579.0,win,League,2012,Runs
548376,2012,6,Hyderabad,2012-05-20,Indian Premier League,71.0,male,T20,T20,20,2012,club,"Rajiv Gandhi International Stadium, Uppal",Royal Challengers Bangalore,Sunrisers Hyderabad,Royal Challengers Bangalore,field,Sunrisers Hyderabad,9.0,,3451.0,win,League,2012,Runs
548377,2012,6,Jaipur,2012-05-20,Indian Premier League,72.0,male,T20,T20,20,2012,club,Sawai Mansingh Stadium,Rajasthan Royals,Rajasthan Royals,Mumbai Indians,bat,Mumbai Indians,,10.0,50.0,win,League,2012,Wickets
548378,2012,6,Pune,2012-05-22,Indian Premier League,,male,T20,T20,20,2012,club,Subrata Roy Sahara Stadium,Kolkata Knight Riders,Delhi Capitals,Kolkata Knight Riders,bat,Kolkata Knight Riders,18.0,,60.0,win,League,2012,Runs
548379,2012,6,Bangalore,2012-05-23,Indian Premier League,,male,T20,T20,20,2012,club,M Chinnaswamy Stadium,Mumbai Indians,Chennai Super Kings,Mumbai Indians,field,Chennai Super Kings,38.0,,38.0,win,League,2012,Runs
548380,2012,6,Chennai,2012-05-25,Indian Premier League,,male,T20,T20,20,2012,club,"MA Chidambaram Stadium, Chepauk",Delhi Capitals,Delhi Capitals,Chennai Super Kings,field,Chennai Super Kings,86.0,,1630.0,win,League,2012,Runs
548381,2012,6,Chennai,2012-05-27,Indian Premier League,,male,T20,T20,20,2012,club,"MA Chidambaram Stadium, Chepauk",Chennai Super Kings,Kolkata Knight Riders,Chennai Super Kings,bat,Kolkata Knight Riders,,5.0,14505.0,win,League,2012,Wickets
597998,2013,6,Kolkata,2013-04-03,Indian Premier League,1.0,male,T20,T20,20,2013,club,Eden Gardens,Kolkata Knight Riders,Kolkata Knight Riders,Delhi Capitals,field,Kolkata Knight Riders,,6.0,65.0,win,League,2013,Wickets
597999,2013,6,Bangalore,2013-04-04,Indian Premier League,2.0,male,T20,T20,20,2013,club,M Chinnaswamy Stadium,Mumbai Indians,Royal Challengers Bangalore,Mumbai Indians,field,Royal Challengers Bangalore,2.0,,1.0,win,League,2013,Runs
598000,2013,6,Hyderabad,2013-04-05,Indian Premier League,3.0,male,T20,T20,20,2013,club,"Rajiv Gandhi International Stadium, Uppal",Pune Warriors,Sunrisers Hyderabad,Pune Warriors,field,Sunrisers Hyderabad,22.0,,185.0,win,League,2013,Runs
598001,2013,6,Delhi,2013-04-06,Indian Premier League,4.0,male,T20,T20,20,2013,club,Feroz Shah Kotla,Rajasthan Royals,Delhi Capitals,Rajasthan Royals,bat,Rajasthan Royals,5.0,,11930.0,win,League,2013,Runs
598002,2013,6,Chennai,2013-04-06,Indian Premier League,5.0,male,T20,T20,20,2013,club,"MA Chidambaram Stadium, Chepauk",Mumbai Indians,Chennai Super Kings,Mumbai Indians,bat,Mumbai Indians,9.0,,29.0,win,League,2013,Runs
598003,2013,6,Pune,2013-04-07,Indian Premier League,6.0,male,T20,T20,20,2013,club,Subrata Roy Sahara Stadium,Pune Warriors,Pune Warriors,Punjab Kings,bat,Punjab Kings,,8.0,68.0,win,League,2013,Wickets
598004,2013,6,Hyderabad,2013-04-07,Indian Premier League,7.0,male,T20,T20,20,2013,club,"Rajiv Gandhi International Stadium, Uppal",Royal Challengers Bangalore,Sunrisers Hyderabad,Royal Challengers Bangalore,bat,Royal Challengers Bangalore,,,2910.0,tie,League,2013,No Result / Tie
598005,2013,6,Jaipur,2013-04-08,Indian Premier League,8.0,male,T20,T20,20,2013,club,Sawai Mansingh Stadium,Kolkata Knight Riders,Rajasthan Royals,Kolkata Knight Riders,field,Rajasthan Royals,19.0,,11972.0,win,League,2013,Runs
598006,2013,6,Mumbai,2013-04-09,Indian Premier League,10.0,male,T20,T20,20,2013,club,Wankhede Stadium,Mumbai Indians,Mumbai Indians,Delhi Capitals,bat,Mumbai Indians,44.0,,49.0,win,League,2013,Runs
598007,2013,6,Chandigarh,2013-04-10,Indian Premier League,11.0,male,T20,T20,20,2013,club,"Punjab Cricket Association Stadium, Mohali",Chennai Super Kings,Punjab Kings,Chennai Super Kings,field,Chennai Super Kings,,10.0,11943.0,win,League,2013,Wickets
598008,2013,6,Bangalore,2013-04-11,Indian Premier League,12.0,male,T20,T20,20,2013,club,M Chinnaswamy Stadium,Royal Challengers Bangalore,Royal Challengers Bangalore,Kolkata Knight Riders,field,Royal Challengers Bangalore,,8.0,1.0,win,League,2013,Wickets
598009,2013,6,Pune,2013-04-11,Indian Premier League,13.0,male,T20,T20,20,2013,club,Subrata Roy Sahara Stadium,Rajasthan Royals,Pune Warriors,Rajasthan Royals,bat,Pune Warriors,,7.0,48.0,win,League,2013,Wickets
598010,2013,6,Delhi,2013-04-12,Indian Premier League,14.0,male,T20,T20,20,2013,club,Feroz Shah Kotla,Delhi Capitals,Delhi Capitals,Sunrisers Hyderabad,bat,Sunrisers Hyderabad,,3.0,185.0,win,League,2013,Wickets
598011,2013,6,Mumbai,2013-04-13,Indian Premier League,15.0,male,T20,T20,20,2013,club,Wankhede Stadium,Mumbai Indians,Mumbai Indians,Pune Warriors,bat,Mumbai Indians,41.0,,25.0,win,League,2013,Runs
598012,2013,6,Chennai,2013-04-13,Indian Premier League,16.0,male,T20,T20,20,2013,club,"MA Chidambaram Stadium, Chepauk",Chennai Super Kings,Chennai Super Kings,Royal Challengers Bangalore,field,Chennai Super Kings,,4.0,348.0,win,League,2013,Wickets
598013,2013,6,Kolkata,2013-04-14,Indian Premier League,17.0,male,T20,T20,20,2013,club,Eden Gardens,Kolkata Knight Riders,Kolkata Knight Riders,Sunrisers Hyderabad,bat,Kolkata Knight Riders,48.0,,56.0,win,League,2013,Runs
598014,2013,6,Jaipur,2013-04-14,Indian Premier League,18.0,male,T20,T20,20,2013,club,Sawai Mansingh Stadium,Rajasthan Royals,Rajasthan Royals,Punjab Kings,field,Rajasthan Royals,,6.0,569.0,win,League,2013,Wickets
598015,2013,6,Chennai,2013-04-15,Indian Premier League,19.0,male,T20,T20,20,2013,club,"MA Chidambaram Stadium, Chepauk",Pune Warriors,Chennai Super Kings,Pune Warriors,bat,Pune Warriors,24.0,,36.0,win,League,2013,Runs
598016,2013,6,Chandigarh,2013-04-16,Indian Premier League,20.0,male,T20,T20,20,2013,club,"Punjab Cricket Association Stadium, Mohali",Kolkata Knight Riders,Punjab Kings,Kolkata Knight Riders,field,Punjab Kings,4.0,,51.0,win,League,2013,Runs
598017,2013,6,Bangalore,2013-04-16,Indian Premier League,21.0,male,T20,T20,20,2013,club,M Chinnaswamy Stadium,Royal Challengers Bangalore,Royal Challengers Bangalore,Delhi Capitals,field,Delhi Capitals,,,332.0,tie,League,2013,No Result / Tie
598018,2013,6,Pune,2013-04-17,Indian Premier League,22.0,male,T20,T20,20,2013,club,Maharashtra Cricket Association Stadium,Pune Warriors,Pune Warriors,Sunrisers Hyderabad,field,Sunrisers Hyderabad,11.0,,185.0,win,League,2013,Runs
598019,2013,6,Jaipur,2013-04-17,Indian Premier League,23.0,male,T20,T20,20,2013,club,Sawai Mansingh Stadium,Rajasthan Royals,Rajasthan Royals,Mumbai Indians,bat,Rajasthan Royals,87.0,,34.0,win,League,2013,Runs
598020,2013,6,Delhi,2013-04-18,Indian Premier League,24.0,male,T20,T20,20,2013,club,Feroz Shah Kotla,Chennai Super Kings,Delhi Capitals,Chennai Super Kings,bat,Chennai Super Kings,86.0,,11943.0,win,League,2013,Runs
598021,2013,6,Hyderabad,2013-04-19,Indian Premier League,25.0,male,T20,T20,20,2013,club,"Rajiv Gandhi International Stadium, Uppal",Punjab Kings,Sunrisers Hyderabad,Punjab Kings,bat,Sunrisers Hyderabad,,5.0,2910.0,win,League,2013,Wickets
598022,2013,6,Kolkata,2013-04-20,Indian Premier League,26.0,male,T20,T20,20,2013,club,Eden Gardens,Kolkata Knight Riders,Kolkata Knight Riders,Chennai Super Kings,bat,Chennai Super Kings,,4.0,348.0,win,League,2013,Wickets
598023,2013,6,Bangalore,2013-04-20,Indian Premier League,27.0,male,T20,T20,20,2013,club,M Chinnaswamy Stadium,Royal Challengers Bangalore,Royal Challengers Bangalore,Rajasthan Royals,field,Royal Challengers Bangalore,,7.0,1242.0,win,League,2013,Wickets
598024,2013,6,Delhi,2013-04-21,Indian Premier League,28.0,male,T20,T20,20,2013,club,Feroz Shah Kotla,Mumbai Indians,Delhi Capitals,Mumbai Indians,bat,Delhi Capitals,,9.0,11975.0,win,League,2013,Wickets
598025,2013,6,Chandigarh,2013-04-21,Indian Premier League,29.0,male,T20,T20,20,2013,club,"Punjab Cricket Association Stadium, Mohali",Punjab Kings,Punjab Kings,Pune Warriors,field,Punjab Kings,,7.0,72.0,win,League,2013,Wickets
598026,2013,6,Chennai,2013-04-22,Indian Premier League,30.0,male,T20,T20,20,2013,club,"MA Chidambaram Stadium, Chepauk",Rajasthan Royals,Chennai Super Kings,Rajasthan Royals,bat,Chennai Super Kings,,5.0,11943.0,win,League,2013,Wickets
598027,2013,6,Bangalore,2013-04-23,Indian Premier League,31.0,male,T20,T20,20,2013,club,M Chinnaswamy Stadium,Pune Warriors,Royal Challengers Bangalore,Pune Warriors,field,Royal Challengers Bangalore,130.0,,1.0,win,League,2013,Runs
598028,2013,6,Dharamsala,2013-05-16,Indian Premier League,67.0,male,T20,T20,20,2013,club,Himachal Pradesh Cricket Association Stadium,Delhi Capitals,Punjab Kings,Delhi Capitals,field,Punjab Kings,7.0,,72.0,win,League,2013,Runs
598029,2013,6,Kolkata,2013-04-24,Indian Premier League,33.0,male,T20,T20,20,2013,club,Eden Gardens,Kolkata Knight Riders,Kolkata Knight Riders,Mumbai Indians,bat,Mumbai Indians,,5.0,50.0,win,League,2013,Wickets
598030,2013,6,Chennai,2013-04-25,Indian Premier League,34.0,male,T20,T20,20,2013,club,"MA Chidambaram Stadium, Chepauk",Sunrisers Hyderabad,Chennai Super Kings,Sunrisers Hyderabad,bat,Chennai Super Kings,,5.0,38.0,win,League,2013,Wickets
598031,2013,6,Kolkata,2013-04-26,Indian Premier League,35.0,male,T20,T20,20,2013,club,Eden Gardens,Punjab Kings,Kolkata Knight Riders,Punjab Kings,bat,Kolkata Knight Riders,,6.0,11933.0,win,League,2013,Wickets
598032,2013,6,Jaipur,2013-04-27,Indian Premier League,36.0,male,T20,T20,20,2013,club,Sawai Mansingh Stadium,Sunrisers Hyderabad,Rajasthan Royals,Sunrisers Hyderabad,bat,Rajasthan Royals,,8.0,569.0,win,League,2013,Wickets
598033,2013,6,Mumbai,2013-04-27,Indian Premier League,37.0,male,T20,T20,20,2013,club,Wankhede Stadium,Mumbai Indians,Mumbai Indians,Royal Challengers Bangalore,bat,Mumbai Indians,58.0,,50.0,win,League,2013,Runs
598034,2013,6,Chennai,2013-04-28,Indian Premier League,38.0,male,T20,T20,20,2013,club,"MA Chidambaram Stadium, Chepauk",Kolkata Knight Riders,Chennai Super Kings,Kolkata Knight Riders,field,Chennai Super Kings,14.0,,11943.0,win,League,2013,Runs
598035,2013,6,Raipur,2013-04-28,Indian Premier League,39.0,male,T20,T20,20,2013,club,Shaheed Veer Narayan Singh International Stadium,Pune Warriors,Delhi Capitals,Pune Warriors,field,Delhi Capitals,15.0,,12.0,win,League,2013,Runs
598036,2013,6,Jaipur,2013-04-29,Indian Premier League,40.0,male,T20,T20,20,2013,club,Sawai Mansingh Stadium,Rajasthan Royals,Rajasthan Royals,Royal Challengers Bangalore,field,Rajasthan Royals,,4.0,180.0,win,League,2013,Wickets
598037,2013,6,Mumbai,2013-04-29,Indian Premier League,41.0,male,T20,T20,20,2013,club,Wankhede Stadium,Mumbai Indians,Mumbai Indians,Punjab Kings,bat,Mumbai Indians,4.0,,25.0,win,League,2013,Runs
598038,2013,6,Pune,2013-04-30,Indian Premier League,42.0,male,T20,T20,20,2013,club,Subrata Roy Sahara Stadium,Chennai Super Kings,Pune Warriors,Chennai Super Kings,bat,Chennai Super Kings,37.0,,38.0,win,League,2013,Runs
598039,2013,6,Hyderabad,2013-05-01,Indian Premier League,43.0,male,T20,T20,20,2013,club,"Rajiv Gandhi International Stadium, Uppal",Mumbai Indians,Sunrisers Hyderabad,Mumbai Indians,bat,Sunrisers Hyderabad,,7.0,308.0,win,League,2013,Wickets
598040,2013,6,Raipur,2013-05-01,Indian Premier League,44.0,male,T20,T20,20,2013,club,Shaheed Veer Narayan Singh International Stadium,Kolkata Knight Riders,Delhi Capitals,Kolkata Knight Riders,bat,Delhi Capitals,,7.0,12.0,win,League,2013,Wickets
598041,2013,6,Chennai,2013-05-02,Indian Premier League,45.0,male,T20,T20,20,2013,club,"MA Chidambaram Stadium, Chepauk",Chennai Super Kings,Chennai Super Kings,Punjab Kings,bat,Chennai Super Kings,15.0,,47.0,win,League,2013,Runs
598042,2013,6,Pune,2013-05-02,Indian Premier League,46.0,male,T20,T20,20,2013,club,Subrata Roy Sahara Stadium,Royal Challengers Bangalore,Pune Warriors,Royal Challengers Bangalore,bat,Royal Challengers Bangalore,17.0,,245.0,win,League,2013,Runs
598043,2013,6,Kolkata,2013-05-03,Indian Premier League,47.0,male,T20,T20,20,2013,club,Eden Gardens,Rajasthan Royals,Kolkata Knight Riders,Rajasthan Royals,bat,Kolkata Knight Riders,,8.0,60.0,win,League,2013,Wickets
598044,2013,6,Hyderabad,2013-05-04,Indian Premier League,48.0,male,T20,T20,20,2013,club,"Rajiv Gandhi International Stadium, Uppal",Delhi Capitals,Sunrisers Hyderabad,Delhi Capitals,bat,Sunrisers Hyderabad,,6.0,36610.0,win,League,2013,Wickets
598045,2013,6,Bangalore,2013-05-14,Indian Premier League,63.0,male,T20,T20,20,2013,club,M Chinnaswamy Stadium,Punjab Kings,Royal Challengers Bangalore,Punjab Kings,field,Punjab Kings,,7.0,12007.0,win,League,2013,Wickets
598046,2013,6,Mumbai,2013-05-05,Indian Premier League,49.0,male,T20,T20,20,2013,club,Wankhede Stadium,Mumbai Indians,Mumbai Indians,Chennai Super Kings,bat,Mumbai Indians,60.0,,604.0,win,League,2013,Runs
598047,2013,6,Jaipur,2013-05-05,Indian Premier League,50.0,male,T20,T20,20,2013,club,Sawai Mansingh Stadium,Pune Warriors,Rajasthan Royals,Pune Warriors,bat,Rajasthan Royals,,5.0,34.0,win,League,2013,Wickets
598048,2013,6,Bangalore,2013-04-09,Indian Premier League,9.0,male,T20,T20,20,2013,club,M Chinnaswamy Stadium,Sunrisers Hyderabad,Royal Challengers Bangalore,Sunrisers Hyderabad,bat,Royal Challengers Bangalore,,7.0,332.0,win,League,2013,Wickets
598049,2013,6,Jaipur,2013-05-07,Indian Premier League,52.0,male,T20,T20,20,2013,club,Sawai Mansingh Stadium,Delhi Capitals,Rajasthan Royals,Delhi Capitals,bat,Rajasthan Royals,,9.0,34.0,win,League,2013,Wickets
598050,2013,6,Mumbai,2013-05-07,Indian Premier League,53.0,male,T20,T20,20,2013,club,Wankhede Stadium,Mumbai Indians,Mumbai Indians,Kolkata Knight Riders,bat,Mumbai Indians,65.0,,12580.0,win,League,2013,Runs
598051,2013,6,Hyderabad,2013-05-08,Indian Premier League,54.0,male,T20,T20,20,2013,club,"Rajiv Gandhi International Stadium, Uppal",Sunrisers Hyderabad,Sunrisers Hyderabad,Chennai Super Kings,field,Chennai Super Kings,77.0,,47.0,win,League,2013,Runs
598052,2013,6,Chandigarh,2013-05-09,Indian Premier League,55.0,male,T20,T20,20,2013,club,"Punjab Cricket Association Stadium, Mohali",Rajasthan Royals,Punjab Kings,Rajasthan Royals,field,Rajasthan Royals,,8.0,34343.0,win,League,2013,Wickets
598053,2013,6,Pune,2013-05-09,Indian Premier League,56.0,male,T20,T20,20,2013,club,Subrata Roy Sahara Stadium,Kolkata Knight Riders,Pune Warriors,Kolkata Knight Riders,bat,Kolkata Knight Riders,46.0,,56.0,win,League,2013,Runs
598054,2013,6,Delhi,2013-05-10,Indian Premier League,57.0,male,T20,T20,20,2013,club,Feroz Shah Kotla,Delhi Capitals,Delhi Capitals,Royal Challengers Bangalore,field,Royal Challengers Bangalore,4.0,,438.0,win,League,2013,Runs
598055,2013,6,Pune,2013-05-11,Indian Premier League,58.0,male,T20,T20,20,2013,club,Subrata Roy Sahara Stadium,Pune Warriors,Pune Warriors,Mumbai Indians,bat,Mumbai Indians,,5.0,604.0,win,League,2013,Wickets
598056,2013,6,Chandigarh,2013-05-11,Indian Premier League,59.0,male,T20,T20,20,2013,club,"Punjab Cricket Association Stadium, Mohali",Punjab Kings,Punjab Kings,Sunrisers Hyderabad,field,Sunrisers Hyderabad,30.0,,23.0,win,League,2013,Runs
598057,2013,6,Ranchi,2013-05-12,Indian Premier League,60.0,male,T20,T20,20,2013,club,JSCA International Stadium Complex,Kolkata Knight Riders,Kolkata Knight Riders,Royal Challengers Bangalore,field,Kolkata Knight Riders,,5.0,11933.0,win,League,2013,Wickets
598058,2013,6,Jaipur,2013-05-12,Indian Premier League,61.0,male,T20,T20,20,2013,club,Sawai Mansingh Stadium,Rajasthan Royals,Rajasthan Royals,Chennai Super Kings,field,Rajasthan Royals,,5.0,5.0,win,League,2013,Wickets
598059,2013,6,Delhi,2013-04-23,Indian Premier League,32.0,male,T20,T20,20,2013,club,Feroz Shah Kotla,Punjab Kings,Delhi Capitals,Punjab Kings,field,Punjab Kings,,5.0,13267.0,win,League,2013,Wickets
598060,2013,6,Mumbai,2013-05-13,Indian Premier League,62.0,male,T20,T20,20,2013,club,Wankhede Stadium,Sunrisers Hyderabad,Mumbai Indians,Sunrisers Hyderabad,bat,Mumbai Indians,,7.0,29.0,win,League,2013,Wickets
598061,2013,6,Ranchi,2013-05-15,Indian Premier League,65.0,male,T20,T20,20,2013,club,JSCA International Stadium Complex,Kolkata Knight Riders,Kolkata Knight Riders,Pune Warriors,field,Pune Warriors,7.0,,59.0,win,League,2013,Runs
598062,2013,6,Chennai,2013-05-14,Indian Premier League,64.0,male,T20,T20,20,2013,club,"MA Chidambaram Stadium, Chepauk",Chennai Super Kings,Chennai Super Kings,Delhi Capitals,bat,Chennai Super Kings,33.0,,38.0,win,League,2013,Runs
598063,2013,6,Mumbai,2013-05-15,Indian Premier League,66.0,male,T20,T20,20,2013,club,Wankhede Stadium,Rajasthan Royals,Mumbai Indians,Rajasthan Royals,field,Mumbai Indians,14.0,,177.0,win,League,2013,Runs
598064,2013,6,Chandigarh,2013-05-06,Indian Premier League,51.0,male,T20,T20,20,2013,club,"Punjab Cricket Association Stadium, Mohali",Punjab Kings,Punjab Kings,Royal Challengers Bangalore,field,Punjab Kings,,6.0,72.0,win,League,2013,Wickets
598065,2013,6,Hyderabad,2013-05-17,Indian Premier League,68.0,male,T20,T20,20,2013,club,"Rajiv Gandhi International Stadium, Uppal",Sunrisers Hyderabad,Sunrisers Hyderabad,Rajasthan Royals,bat,Sunrisers Hyderabad,23.0,,185.0,win,League,2013,Runs
598066,2013,6,Dharamsala,2013-05-18,Indian Premier League,69.0,male,T20,T20,20,2013,club,Himachal Pradesh Cricket Association Stadium,Mumbai Indians,Punjab Kings,Mumbai Indians,field,Punjab Kings,50.0,,34817.0,win,League,2013,Runs
598067,2013,6,Pune,2013-05-19,Indian Premier League,71.0,male,T20,T20,20,2013,club,Subrata Roy Sahara Stadium,Pune Warriors,Pune Warriors,Delhi Capitals,bat,Pune Warriors,38.0,,34959.0,win,League,2013,Runs
598068,2013,6,Bangalore,2013-05-18,Indian Premier League,70.0,male,T20,T20,20,2013,club,M Chinnaswamy Stadium,Chennai Super Kings,Royal Challengers Bangalore,Chennai Super Kings,field,Royal Challengers Bangalore,24.0,,332.0,win,League,2013,Runs
598069,2013,6,Hyderabad,2013-05-19,Indian Premier League,72.0,male,T20,T20,20,2013,club,"Rajiv Gandhi International Stadium, Uppal",Kolkata Knight Riders,Sunrisers Hyderabad,Kolkata Knight Riders,bat,Sunrisers Hyderabad,,5.0,23.0,win,League,2013,Wickets
598070,2013,6,Delhi,2013-05-21,Indian Premier League,,male,T20,T20,20,2013,club,Feroz Shah Kotla,Chennai Super Kings,Chennai Super Kings,Mumbai Indians,bat,Chennai Super Kings,48.0,,11943.0,win,League,2013,Runs
598071,2013,6,Delhi,2013-05-22,Indian Premier League,,male,T20,T20,20,2013,club,Feroz Shah Kotla,Sunrisers Hyderabad,Rajasthan Royals,Sunrisers Hyderabad,bat,Rajasthan Royals,,4.0,12318.0,win,League,2013,Wickets
598072,2013,6,Kolkata,2013-05-24,Indian Premier League,,male,T20,T20,20,2013,club,Eden Gardens,Rajasthan Royals,Mumbai Indians,Rajasthan Royals,bat,Mumbai Indians,,4.0,228.0,win,League,2013,Wickets
598073,2013,6,Kolkata,2013-05-26,Indian Premier League,,male,T20,T20,20,2013,club,Eden Gardens,Mumbai Indians,Chennai Super Kings,Mumbai Indians,bat,Mumbai Indians,23.0,,29.0,win,League,2013,Runs
729279,2014,6,Abu Dhabi,2014-04-16,Indian Premier League,1.0,male,T20,T20,20,2014,club,Sheikh Zayed Stadium,Kolkata Knight Riders,Mumbai Indians,Kolkata Knight Riders,bat,Kolkata Knight Riders,41.0,,11933.0,win,League,2014,Runs
729281,2014,6,Unknown,2014-04-17,Indian Premier League,2.0,male,T20,T20,20,2014,club,Sharjah Cricket Stadium,Royal Challengers Bangalore,Delhi Capitals,Royal Challengers Bangalore,field,Royal Challengers Bangalore,,8.0,10.0,win,League,2014,Wickets
729283,2014,6,Abu Dhabi,2014-04-18,Indian Premier League,3.0,male,T20,T20,20,2014,club,Sheikh Zayed Stadium,Chennai Super Kings,Chennai Super Kings,Punjab Kings,bat,Punjab Kings,,6.0,71.0,win,League,2014,Wickets
729285,2014,6,Abu Dhabi,2014-04-18,Indian Premier League,4.0,male,T20,T20,20,2014,club,Sheikh Zayed Stadium,Rajasthan Royals,Sunrisers Hyderabad,Rajasthan Royals,field,Rajasthan Royals,,4.0,34.0,win,League,2014,Wickets
729287,2014,6,Unknown,2014-04-19,Indian Premier League,5.0,male,T20,T20,20,2014,club,Dubai International Cricket Stadium,Royal Challengers Bangalore,Royal Challengers Bangalore,Mumbai Indians,field,Royal Challengers Bangalore,,7.0,23.0,win,League,2014,Wickets
729289,2014,6,Unknown,2014-04-19,Indian Premier League,6.0,male,T20,T20,20,2014,club,Dubai International Cricket Stadium,Kolkata Knight Riders,Kolkata Knight Riders,Delhi Capitals,bat,Delhi Capitals,,4.0,1964.0,win,League,2014,Wickets
729291,2014,6,Unknown,2014-04-20,Indian Premier League,7.0,male,T20,T20,20,2014,club,Sharjah Cricket Stadium,Punjab Kings,Rajasthan Royals,Punjab Kings,field,Punjab Kings,,7.0,71.0,win,League,2014,Wickets
729293,2014,6,Abu Dhabi,2014-04-21,Indian Premier League,8.0,male,T20,T20,20,2014,club,Sheikh Zayed Stadium,Chennai Super Kings,Chennai Super Kings,Delhi Capitals,bat,Chennai Super Kings,93.0,,47.0,win,League,2014,Runs
729295,2014,6,Unknown,2014-04-22,Indian Premier League,9.0,male,T20,T20,20,2014,club,Sharjah Cricket Stadium,Sunrisers Hyderabad,Punjab Kings,Sunrisers Hyderabad,field,Punjab Kings,72.0,,71.0,win,League,2014,Runs
729297,2014,6,Unknown,2014-04-23,Indian Premier League,10.0,male,T20,T20,20,2014,club,Dubai International Cricket Stadium,Rajasthan Royals,Rajasthan Royals,Chennai Super Kings,field,Chennai Super Kings,7.0,,348.0,win,League,2014,Runs
729299,2014,6,Unknown,2014-04-24,Indian Premier League,11.0,male,T20,T20,20,2014,club,Sharjah Cricket Stadium,Royal Challengers Bangalore,Royal Challengers Bangalore,Kolkata Knight Riders,field,Kolkata Knight Riders,2.0,,57.0,win,League,2014,Runs
729301,2014,6,Unknown,2014-04-25,Indian Premier League,12.0,male,T20,T20,20,2014,club,Dubai International Cricket Stadium,Sunrisers Hyderabad,Sunrisers Hyderabad,Delhi Capitals,bat,Sunrisers Hyderabad,4.0,,48.0,win,League,2014,Runs
729303,2014,6,Unknown,2014-04-25,Indian Premier League,13.0,male,T20,T20,20,2014,club,Dubai International Cricket Stadium,Mumbai Indians,Chennai Super Kings,Mumbai Indians,bat,Chennai Super Kings,,7.0,75.0,win,League,2014,Wickets
729305,2014,6,Abu Dhabi,2014-04-26,Indian Premier League,14.0,male,T20,T20,20,2014,club,Sheikh Zayed Stadium,Rajasthan Royals,Rajasthan Royals,Royal Challengers Bangalore,field,Rajasthan Royals,,6.0,37031.0,win,League,2014,Wickets
729307,2014,6,Abu Dhabi,2014-04-26,Indian Premier League,15.0,male,T20,T20,20,2014,club,Sheikh Zayed Stadium,Kolkata Knight Riders,Kolkata Knight Riders,Punjab Kings,field,Punjab Kings,23.0,,76.0,win,League,2014,Runs
729309,2014,6,Unknown,2014-04-27,Indian Premier League,16.0,male,T20,T20,20,2014,club,Sharjah Cricket Stadium,Mumbai Indians,Delhi Capitals,Mumbai Indians,bat,Delhi Capitals,,6.0,1630.0,win,League,2014,Wickets
729311,2014,6,Unknown,2014-04-27,Indian Premier League,17.0,male,T20,T20,20,2014,club,Sharjah Cricket Stadium,Sunrisers Hyderabad,Sunrisers Hyderabad,Chennai Super Kings,bat,Chennai Super Kings,,5.0,50.0,win,League,2014,Wickets
729313,2014,6,Unknown,2014-04-28,Indian Premier League,18.0,male,T20,T20,20,2014,club,Dubai International Cricket Stadium,Punjab Kings,Punjab Kings,Royal Challengers Bangalore,field,Punjab Kings,,5.0,76.0,win,League,2014,Wickets
729315,2014,6,Abu Dhabi,2014-04-29,Indian Premier League,19.0,male,T20,T20,20,2014,club,Sheikh Zayed Stadium,Rajasthan Royals,Kolkata Knight Riders,Rajasthan Royals,bat,Rajasthan Royals,,,569.0,tie,League,2014,No Result / Tie
729317,2014,6,Unknown,2014-04-30,Indian Premier League,20.0,male,T20,T20,20,2014,club,Dubai International Cricket Stadium,Mumbai Indians,Mumbai Indians,Sunrisers Hyderabad,field,Sunrisers Hyderabad,15.0,,20.0,win,League,2014,Runs
733971,2014,6,Ranchi,2014-05-02,Indian Premier League,21.0,male,T20,T20,20,2014,club,JSCA International Stadium Complex,Chennai Super Kings,Chennai Super Kings,Kolkata Knight Riders,bat,Chennai Super Kings,34.0,,348.0,win,League,2014,Runs
733973,2014,6,Mumbai,2014-05-03,Indian Premier League,22.0,male,T20,T20,20,2014,club,Wankhede Stadium,Punjab Kings,Mumbai Indians,Punjab Kings,bat,Mumbai Indians,,5.0,258.0,win,League,2014,Wickets
733975,2014,6,Delhi,2014-05-03,Indian Premier League,23.0,male,T20,T20,20,2014,club,Feroz Shah Kotla,Rajasthan Royals,Delhi Capitals,Rajasthan Royals,field,Rajasthan Royals,,7.0,179.0,win,League,2014,Wickets
733977,2014,6,Bangalore,2014-05-04,Indian Premier League,24.0,male,T20,T20,20,2014,club,M Chinnaswamy Stadium,Royal Challengers Bangalore,Royal Challengers Bangalore,Sunrisers Hyderabad,field,Royal Challengers Bangalore,,4.0,245.0,win,League,2014,Wickets
733979,2014,6,Ahmedabad,2014-05-05,Indian Premier League,25.0,male,T20,T20,20,2014,club,"Sardar Patel Stadium, Motera",Kolkata Knight Riders,Rajasthan Royals,Kolkata Knight Riders,field,Rajasthan Royals,10.0,,37031.0,win,League,2014,Runs
733981,2014,6,Delhi,2014-05-05,Indian Premier League,26.0,male,T20,T20,20,2014,club,Feroz Shah Kotla,Chennai Super Kings,Delhi Capitals,Chennai Super Kings,field,Chennai Super Kings,,8.0,50.0,win,League,2014,Wickets
733983,2014,6,Mumbai,2014-05-06,Indian Premier League,27.0,male,T20,T20,20,2014,club,Wankhede Stadium,Royal Challengers Bangalore,Mumbai Indians,Royal Challengers Bangalore,field,Mumbai Indians,19.0,,25.0,win,League,2014,Runs
733985,2014,6,Delhi,2014-05-07,Indian Premier League,28.0,male,T20,T20,20,2014,club,Feroz Shah Kotla,Delhi Capitals,Delhi Capitals,Kolkata Knight Riders,bat,Kolkata Knight Riders,,8.0,56.0,win,League,2014,Wickets
733987,2014,6,Cuttack,2014-05-07,Indian Premier League,29.0,male,T20,T20,20,2014,club,Barabati Stadium,Chennai Super Kings,Punjab Kings,Chennai Super Kings,field,Punjab Kings,44.0,,71.0,win,League,2014,Runs
733989,2014,6,Ahmedabad,2014-05-08,Indian Premier League,30.0,male,T20,T20,20,2014,club,"Sardar Patel Stadium, Motera",Rajasthan Royals,Rajasthan Royals,Sunrisers Hyderabad,field,Sunrisers Hyderabad,32.0,,20.0,win,League,2014,Runs
733991,2014,6,Bangalore,2014-05-09,Indian Premier League,31.0,male,T20,T20,20,2014,club,M Chinnaswamy Stadium,Royal Challengers Bangalore,Royal Challengers Bangalore,Punjab Kings,field,Punjab Kings,32.0,,76.0,win,League,2014,Runs
733993,2014,6,Delhi,2014-05-10,Indian Premier League,32.0,male,T20,T20,20,2014,club,Feroz Shah Kotla,Sunrisers Hyderabad,Delhi Capitals,Sunrisers Hyderabad,field,Sunrisers Hyderabad,,8.0,3451.0,win,League,2014,Wickets
733995,2014,6,Mumbai,2014-05-10,Indian Premier League,33.0,male,T20,T20,20,2014,club,Wankhede Stadium,Chennai Super Kings,Mumbai Indians,Chennai Super Kings,field,Chennai Super Kings,,4.0,50.0,win,League,2014,Wickets
733997,2014,6,Cuttack,2014-05-11,Indian Premier League,34.0,male,T20,T20,20,2014,club,Barabati Stadium,Kolkata Knight Riders,Punjab Kings,Kolkata Knight Riders,field,Kolkata Knight Riders,,9.0,56.0,win,League,2014,Wickets
733999,2014,6,Bangalore,2014-05-11,Indian Premier League,35.0,male,T20,T20,20,2014,club,M Chinnaswamy Stadium,Royal Challengers Bangalore,Royal Challengers Bangalore,Rajasthan Royals,bat,Rajasthan Royals,,5.0,569.0,win,League,2014,Wickets
734001,2014,6,Hyderabad,2014-05-12,Indian Premier League,36.0,male,T20,T20,20,2014,club,"Rajiv Gandhi International Stadium, Uppal",Sunrisers Hyderabad,Sunrisers Hyderabad,Mumbai Indians,bat,Mumbai Indians,,7.0,27.0,win,League,2014,Wickets
734003,2014,6,Ranchi,2014-05-13,Indian Premier League,37.0,male,T20,T20,20,2014,club,JSCA International Stadium Complex,Rajasthan Royals,Chennai Super Kings,Rajasthan Royals,bat,Chennai Super Kings,,5.0,348.0,win,League,2014,Wickets
734005,2014,6,Bangalore,2014-05-13,Indian Premier League,38.0,male,T20,T20,20,2014,club,M Chinnaswamy Stadium,Delhi Capitals,Royal Challengers Bangalore,Delhi Capitals,field,Royal Challengers Bangalore,16.0,,15.0,win,League,2014,Runs
734007,2014,6,Hyderabad,2014-05-14,Indian Premier League,39.0,male,T20,T20,20,2014,club,"Rajiv Gandhi International Stadium, Uppal",Punjab Kings,Sunrisers Hyderabad,Punjab Kings,field,Punjab Kings,,6.0,69.0,win,League,2014,Wickets
734009,2014,6,Cuttack,2014-05-14,Indian Premier League,40.0,male,T20,T20,20,2014,club,Barabati Stadium,Kolkata Knight Riders,Kolkata Knight Riders,Mumbai Indians,field,Kolkata Knight Riders,,6.0,58.0,win,League,2014,Wickets
734011,2014,6,Ahmedabad,2014-05-15,Indian Premier League,41.0,male,T20,T20,20,2014,club,"Sardar Patel Stadium, Motera",Delhi Capitals,Rajasthan Royals,Delhi Capitals,field,Rajasthan Royals,62.0,,34.0,win,League,2014,Runs
734013,2014,6,Ranchi,2014-05-18,Indian Premier League,42.0,male,T20,T20,20,2014,club,JSCA International Stadium Complex,Chennai Super Kings,Chennai Super Kings,Royal Challengers Bangalore,bat,Royal Challengers Bangalore,,5.0,245.0,win,League,2014,Wickets
734015,2014,6,Hyderabad,2014-05-18,Indian Premier League,43.0,male,T20,T20,20,2014,club,"Rajiv Gandhi International Stadium, Uppal",Sunrisers Hyderabad,Sunrisers Hyderabad,Kolkata Knight Riders,bat,Kolkata Knight Riders,,7.0,318.0,win,League,2014,Wickets
734017,2014,6,Ahmedabad,2014-05-19,Indian Premier League,44.0,male,T20,T20,20,2014,club,"Sardar Patel Stadium, Motera",Mumbai Indians,Rajasthan Royals,Mumbai Indians,bat,Mumbai Indians,25.0,,11943.0,win,League,2014,Runs
734019,2014,6,Delhi,2014-05-19,Indian Premier League,45.0,male,T20,T20,20,2014,club,Feroz Shah Kotla,Punjab Kings,Delhi Capitals,Punjab Kings,field,Punjab Kings,,4.0,70.0,win,League,2014,Wickets
734021,2014,6,Hyderabad,2014-05-20,Indian Premier League,46.0,male,T20,T20,20,2014,club,"Rajiv Gandhi International Stadium, Uppal",Royal Challengers Bangalore,Sunrisers Hyderabad,Royal Challengers Bangalore,bat,Sunrisers Hyderabad,,7.0,12.0,win,League,2014,Wickets
734023,2014,6,Kolkata,2014-05-20,Indian Premier League,47.0,male,T20,T20,20,2014,club,Eden Gardens,Kolkata Knight Riders,Kolkata Knight Riders,Chennai Super Kings,field,Kolkata Knight Riders,,8.0,58.0,win,League,2014,Wickets
734025,2014,6,Chandigarh,2014-05-21,Indian Premier League,48.0,male,T20,T20,20,2014,club,"Punjab Cricket Association Stadium, Mohali",Mumbai Indians,Punjab Kings,Mumbai Indians,field,Mumbai Indians,,7.0,1035.0,win,League,2014,Wickets
734027,2014,6,Kolkata,2014-05-22,Indian Premier League,49.0,male,T20,T20,20,2014,club,Eden Gardens,Royal Challengers Bangalore,Kolkata Knight Riders,Royal Challengers Bangalore,field,Kolkata Knight Riders,30.0,,58.0,win,League,2014,Runs
734029,2014,6,Ranchi,2014-05-22,Indian Premier League,50.0,male,T20,T20,20,2014,club,JSCA International Stadium Complex,Sunrisers Hyderabad,Chennai Super Kings,Sunrisers Hyderabad,field,Sunrisers Hyderabad,,6.0,12.0,win,League,2014,Wickets
734031,2014,6,Mumbai,2014-05-23,Indian Premier League,51.0,male,T20,T20,20,2014,club,Wankhede Stadium,Delhi Capitals,Mumbai Indians,Delhi Capitals,field,Mumbai Indians,15.0,,11943.0,win,League,2014,Runs
734033,2014,6,Chandigarh,2014-05-23,Indian Premier League,52.0,male,T20,T20,20,2014,club,"Punjab Cricket Association Stadium, Mohali",Rajasthan Royals,Punjab Kings,Rajasthan Royals,field,Punjab Kings,16.0,,541.0,win,League,2014,Runs
734035,2014,6,Bangalore,2014-05-24,Indian Premier League,53.0,male,T20,T20,20,2014,club,M Chinnaswamy Stadium,Chennai Super Kings,Royal Challengers Bangalore,Chennai Super Kings,field,Chennai Super Kings,,8.0,38.0,win,League,2014,Wickets
734037,2014,6,Kolkata,2014-05-24,Indian Premier League,54.0,male,T20,T20,20,2014,club,Eden Gardens,Kolkata Knight Riders,Kolkata Knight Riders,Sunrisers Hyderabad,field,Kolkata Knight Riders,,4.0,60.0,win,League,2014,Wickets
734039,2014,6,Chandigarh,2014-05-25,Indian Premier League,55.0,male,T20,T20,20,2014,club,"Punjab Cricket Association Stadium, Mohali",Punjab Kings,Punjab Kings,Delhi Capitals,field,Punjab Kings,,7.0,68.0,win,League,2014,Wickets
734041,2014,6,Mumbai,2014-05-25,Indian Premier League,56.0,male,T20,T20,20,2014,club,Wankhede Stadium,Mumbai Indians,Mumbai Indians,Rajasthan Royals,field,Mumbai Indians,,5.0,258.0,win,League,2014,Wickets
734043,2014,6,Kolkata,2014-05-27,Indian Premier League,,male,T20,T20,20,2014,club,Eden Gardens,Punjab Kings,Punjab Kings,Kolkata Knight Riders,field,Kolkata Knight Riders,28.0,,318.0,win,League,2014,Runs
734045,2014,6,Mumbai,2014-05-28,Indian Premier League,,male,T20,T20,20,2014,club,Brabourne Stadium,Chennai Super Kings,Chennai Super Kings,Mumbai Indians,field,Chennai Super Kings,,7.0,47.0,win,League,2014,Wickets
734047,2014,6,Mumbai,2014-05-30,Indian Premier League,,male,T20,T20,20,2014,club,Wankhede Stadium,Chennai Super Kings,Chennai Super Kings,Punjab Kings,field,Punjab Kings,24.0,,11975.0,win,League,2014,Runs
734049,2014,6,Bangalore,2014-06-01,Indian Premier League,,male,T20,T20,20,2014,club,M Chinnaswamy Stadium,Kolkata Knight Riders,Kolkata Knight Riders,Punjab Kings,field,Kolkata Knight Riders,,3.0,59.0,win,League,2014,Wickets
829705,2015,6,Kolkata,2015-04-08,Indian Premier League,1.0,male,T20,T20,20,2015,club,Eden Gardens,Kolkata Knight Riders,Kolkata Knight Riders,Mumbai Indians,field,Kolkata Knight Riders,,7.0,13863.0,win,League,2015,Wickets
829707,2015,6,Chennai,2015-04-09,Indian Premier League,2.0,male,T20,T20,20,2015,club,"MA Chidambaram Stadium, Chepauk",Delhi Capitals,Chennai Super Kings,Delhi Capitals,field,Chennai Super Kings,1.0,,21.0,win,League,2015,Runs
829709,2015,6,Pune,2015-04-10,Indian Premier League,3.0,male,T20,T20,20,2015,club,Maharashtra Cricket Association Stadium,Punjab Kings,Punjab Kings,Rajasthan Royals,field,Rajasthan Royals,26.0,,569.0,win,League,2015,Runs
829711,2015,6,Chennai,2015-04-11,Indian Premier League,4.0,male,T20,T20,20,2015,club,"MA Chidambaram Stadium, Chepauk",Chennai Super Kings,Chennai Super Kings,Sunrisers Hyderabad,bat,Chennai Super Kings,45.0,,46.0,win,League,2015,Runs
829713,2015,6,Kolkata,2015-04-11,Indian Premier League,5.0,male,T20,T20,20,2015,club,Eden Gardens,Royal Challengers Bangalore,Kolkata Knight Riders,Royal Challengers Bangalore,field,Royal Challengers Bangalore,,3.0,1.0,win,League,2015,Wickets
829715,2015,6,Delhi,2015-04-12,Indian Premier League,6.0,male,T20,T20,20,2015,club,Feroz Shah Kotla,Rajasthan Royals,Delhi Capitals,Rajasthan Royals,field,Rajasthan Royals,,3.0,16.0,win,League,2015,Wickets
829717,2015,6,Mumbai,2015-04-12,Indian Premier League,7.0,male,T20,T20,20,2015,club,Wankhede Stadium,Mumbai Indians,Mumbai Indians,Punjab Kings,field,Punjab Kings,18.0,,13882.0,win,League,2015,Runs
829719,2015,6,Bangalore,2015-04-13,Indian Premier League,8.0,male,T20,T20,20,2015,club,M Chinnaswamy Stadium,Sunrisers Hyderabad,Royal Challengers Bangalore,Sunrisers Hyderabad,field,Sunrisers Hyderabad,,8.0,12.0,win,League,2015,Wickets
829721,2015,6,Ahmedabad,2015-04-14,Indian Premier League,9.0,male,T20,T20,20,2015,club,"Sardar Patel Stadium, Motera",Mumbai Indians,Rajasthan Royals,Mumbai Indians,bat,Rajasthan Royals,,7.0,36.0,win,League,2015,Wickets
829723,2015,6,Kolkata,2015-04-30,Indian Premier League,30.0,male,T20,T20,20,2015,club,Eden Gardens,Kolkata Knight Riders,Kolkata Knight Riders,Chennai Super Kings,field,Kolkata Knight Riders,,7.0,1437.0,win,League,2015,Wickets
829725,2015,6,Pune,2015-04-15,Indian Premier League,10.0,male,T20,T20,20,2015,club,Maharashtra Cricket Association Stadium,Punjab Kings,Punjab Kings,Delhi Capitals,bat,Delhi Capitals,,5.0,35.0,win,League,2015,Wickets
829727,2015,6,Visakhapatnam,2015-04-16,Indian Premier League,11.0,male,T20,T20,20,2015,club,Dr. Y.S. Rajasekhara Reddy ACA-VDCA Cricket Stadium,Rajasthan Royals,Sunrisers Hyderabad,Rajasthan Royals,field,Rajasthan Royals,,6.0,34.0,win,League,2015,Wickets
829729,2015,6,Mumbai,2015-04-17,Indian Premier League,12.0,male,T20,T20,20,2015,club,Wankhede Stadium,Mumbai Indians,Mumbai Indians,Chennai Super Kings,bat,Chennai Super Kings,,6.0,21.0,win,League,2015,Wickets
829731,2015,6,Visakhapatnam,2015-04-18,Indian Premier League,13.0,male,T20,T20,20,2015,club,Dr. Y.S. Rajasekhara Reddy ACA-VDCA Cricket Stadium,Delhi Capitals,Sunrisers Hyderabad,Delhi Capitals,bat,Delhi Capitals,4.0,,1964.0,win,League,2015,Runs
829733,2015,6,Pune,2015-04-18,Indian Premier League,14.0,male,T20,T20,20,2015,club,Maharashtra Cricket Association Stadium,Kolkata Knight Riders,Punjab Kings,Kolkata Knight Riders,field,Kolkata Knight Riders,,4.0,1437.0,win,League,2015,Wickets
829735,2015,6,Ahmedabad,2015-04-19,Indian Premier League,15.0,male,T20,T20,20,2015,club,"Sardar Patel Stadium, Motera",Chennai Super Kings,Rajasthan Royals,Chennai Super Kings,bat,Rajasthan Royals,,8.0,34.0,win,League,2015,Wickets
829737,2015,6,Bangalore,2015-04-19,Indian Premier League,16.0,male,T20,T20,20,2015,club,M Chinnaswamy Stadium,Royal Challengers Bangalore,Royal Challengers Bangalore,Mumbai Indians,field,Mumbai Indians,18.0,,228.0,win,League,2015,Runs
829739,2015,6,Delhi,2015-04-20,Indian Premier League,17.0,male,T20,T20,20,2015,club,Feroz Shah Kotla,Kolkata Knight Riders,Delhi Capitals,Kolkata Knight Riders,field,Kolkata Knight Riders,,6.0,318.0,win,League,2015,Wickets
829741,2015,6,Ahmedabad,2015-04-21,Indian Premier League,18.0,male,T20,T20,20,2015,club,"Sardar Patel Stadium, Motera",Punjab Kings,Rajasthan Royals,Punjab Kings,field,Punjab Kings,,,541.0,tie,League,2015,No Result / Tie
829743,2015,6,Visakhapatnam,2015-04-22,Indian Premier League,19.0,male,T20,T20,20,2015,club,Dr. Y.S. Rajasekhara Reddy ACA-VDCA Cricket Stadium,Kolkata Knight Riders,Sunrisers Hyderabad,Kolkata Knight Riders,field,Sunrisers Hyderabad,16.0,,12.0,win,League,2015,Runs
829745,2015,6,Bangalore,2015-04-22,Indian Premier League,20.0,male,T20,T20,20,2015,club,M Chinnaswamy Stadium,Royal Challengers Bangalore,Royal Challengers Bangalore,Chennai Super Kings,field,Chennai Super Kings,27.0,,47.0,win,League,2015,Runs
829747,2015,6,Delhi,2015-04-23,Indian Premier League,21.0,male,T20,T20,20,2015,club,Feroz Shah Kotla,Mumbai Indians,Delhi Capitals,Mumbai Indians,field,Delhi Capitals,37.0,,389.0,win,League,2015,Runs
829749,2015,6,Ahmedabad,2015-04-24,Indian Premier League,22.0,male,T20,T20,20,2015,club,"Sardar Patel Stadium, Motera",Royal Challengers Bangalore,Rajasthan Royals,Royal Challengers Bangalore,field,Royal Challengers Bangalore,,9.0,10109.0,win,League,2015,Wickets
829751,2015,6,Mumbai,2015-04-25,Indian Premier League,23.0,male,T20,T20,20,2015,club,Wankhede Stadium,Mumbai Indians,Mumbai Indians,Sunrisers Hyderabad,bat,Mumbai Indians,20.0,,230.0,win,League,2015,Runs
829753,2015,6,Chennai,2015-04-25,Indian Premier League,24.0,male,T20,T20,20,2015,club,"MA Chidambaram Stadium, Chepauk",Chennai Super Kings,Chennai Super Kings,Punjab Kings,bat,Chennai Super Kings,97.0,,46.0,win,League,2015,Runs
829757,2015,6,Delhi,2015-04-26,Indian Premier League,26.0,male,T20,T20,20,2015,club,Feroz Shah Kotla,Royal Challengers Bangalore,Delhi Capitals,Royal Challengers Bangalore,field,Royal Challengers Bangalore,,10.0,241.0,win,League,2015,Wickets
829759,2015,6,Chandigarh,2015-04-27,Indian Premier League,27.0,male,T20,T20,20,2015,club,"Punjab Cricket Association Stadium, Mohali",Punjab Kings,Punjab Kings,Sunrisers Hyderabad,field,Sunrisers Hyderabad,20.0,,66.0,win,League,2015,Runs
829761,2015,6,Kolkata,2015-05-07,Indian Premier League,42.0,male,T20,T20,20,2015,club,Eden Gardens,Kolkata Knight Riders,Kolkata Knight Riders,Delhi Capitals,bat,Kolkata Knight Riders,13.0,,63.0,win,League,2015,Runs
829763,2015,6,Bangalore,2015-04-29,Indian Premier League,29.0,male,T20,T20,20,2015,club,M Chinnaswamy Stadium,Rajasthan Royals,Royal Challengers Bangalore,Rajasthan Royals,field,,,,,no result,League,2015,No Result / Tie
829765,2015,6,Chennai,2015-04-28,Indian Premier League,28.0,male,T20,T20,20,2015,club,"MA Chidambaram Stadium, Chepauk",Kolkata Knight Riders,Chennai Super Kings,Kolkata Knight Riders,field,Chennai Super Kings,2.0,,1393.0,win,League,2015,Runs
829767,2015,6,Delhi,2015-05-01,Indian Premier League,31.0,male,T20,T20,20,2015,club,Feroz Shah Kotla,Delhi Capitals,Delhi Capitals,Punjab Kings,field,Delhi Capitals,,9.0,471.0,win,League,2015,Wickets
829769,2015,6,Mumbai,2015-05-01,Indian Premier League,32.0,male,T20,T20,20,2015,club,Wankhede Stadium,Rajasthan Royals,Mumbai Indians,Rajasthan Royals,field,Mumbai Indians,8.0,,27.0,win,League,2015,Runs
829771,2015,6,Bangalore,2015-05-02,Indian Premier League,33.0,male,T20,T20,20,2015,club,M Chinnaswamy Stadium,Royal Challengers Bangalore,Royal Challengers Bangalore,Kolkata Knight Riders,field,Royal Challengers Bangalore,,7.0,2.0,win,League,2015,Wickets
829773,2015,6,Hyderabad,2015-05-02,Indian Premier League,34.0,male,T20,T20,20,2015,club,"Rajiv Gandhi International Stadium, Uppal",Chennai Super Kings,Sunrisers Hyderabad,Chennai Super Kings,field,Sunrisers Hyderabad,22.0,,12.0,win,League,2015,Runs
829775,2015,6,Chandigarh,2015-05-03,Indian Premier League,35.0,male,T20,T20,20,2015,club,"Punjab Cricket Association Stadium, Mohali",Mumbai Indians,Punjab Kings,Mumbai Indians,bat,Mumbai Indians,23.0,,1035.0,win,League,2015,Runs
829777,2015,6,Mumbai,2015-05-03,Indian Premier League,36.0,male,T20,T20,20,2015,club,Brabourne Stadium,Delhi Capitals,Rajasthan Royals,Delhi Capitals,field,Rajasthan Royals,14.0,,34.0,win,League,2015,Runs
829779,2015,6,Chennai,2015-05-04,Indian Premier League,37.0,male,T20,T20,20,2015,club,"MA Chidambaram Stadium, Chepauk",Chennai Super Kings,Chennai Super Kings,Royal Challengers Bangalore,bat,Chennai Super Kings,24.0,,47.0,win,League,2015,Runs
829781,2015,6,Kolkata,2015-05-04,Indian Premier League,38.0,male,T20,T20,20,2015,club,Eden Gardens,Sunrisers Hyderabad,Kolkata Knight Riders,Sunrisers Hyderabad,field,Kolkata Knight Riders,35.0,,318.0,win,League,2015,Runs
829783,2015,6,Mumbai,2015-05-05,Indian Premier League,39.0,male,T20,T20,20,2015,club,Wankhede Stadium,Delhi Capitals,Mumbai Indians,Delhi Capitals,bat,Mumbai Indians,,5.0,228.0,win,League,2015,Wickets
829785,2015,6,Bangalore,2015-05-06,Indian Premier League,40.0,male,T20,T20,20,2015,club,M Chinnaswamy Stadium,Punjab Kings,Royal Challengers Bangalore,Punjab Kings,field,Royal Challengers Bangalore,138.0,,1.0,win,League,2015,Runs
829787,2015,6,Mumbai,2015-05-07,Indian Premier League,41.0,male,T20,T20,20,2015,club,Brabourne Stadium,Rajasthan Royals,Rajasthan Royals,Sunrisers Hyderabad,field,Sunrisers Hyderabad,7.0,,400.0,win,League,2015,Runs
829789,2015,6,Chennai,2015-05-08,Indian Premier League,43.0,male,T20,T20,20,2015,club,"MA Chidambaram Stadium, Chepauk",Chennai Super Kings,Chennai Super Kings,Mumbai Indians,bat,Mumbai Indians,,6.0,30.0,win,League,2015,Wickets
829791,2015,6,Kolkata,2015-05-09,Indian Premier League,44.0,male,T20,T20,20,2015,club,Eden Gardens,Punjab Kings,Kolkata Knight Riders,Punjab Kings,bat,Kolkata Knight Riders,,1.0,1437.0,win,League,2015,Wickets
829793,2015,6,Raipur,2015-05-09,Indian Premier League,45.0,male,T20,T20,20,2015,club,Shaheed Veer Narayan Singh International Stadium,Sunrisers Hyderabad,Delhi Capitals,Sunrisers Hyderabad,bat,Sunrisers Hyderabad,6.0,,14.0,win,League,2015,Runs
829795,2015,6,Mumbai,2015-05-10,Indian Premier League,46.0,male,T20,T20,20,2015,club,Wankhede Stadium,Royal Challengers Bangalore,Mumbai Indians,Royal Challengers Bangalore,bat,Royal Challengers Bangalore,39.0,,245.0,win,League,2015,Runs
829797,2015,6,Chennai,2015-05-10,Indian Premier League,47.0,male,T20,T20,20,2015,club,"MA Chidambaram Stadium, Chepauk",Chennai Super Kings,Chennai Super Kings,Rajasthan Royals,bat,Chennai Super Kings,12.0,,348.0,win,League,2015,Runs
829799,2015,6,Hyderabad,2015-05-11,Indian Premier League,48.0,male,T20,T20,20,2015,club,"Rajiv Gandhi International Stadium, Uppal",Sunrisers Hyderabad,Sunrisers Hyderabad,Punjab Kings,bat,Sunrisers Hyderabad,5.0,,12.0,win,League,2015,Runs
829801,2015,6,Raipur,2015-05-12,Indian Premier League,49.0,male,T20,T20,20,2015,club,Shaheed Veer Narayan Singh International Stadium,Chennai Super Kings,Delhi Capitals,Chennai Super Kings,bat,Delhi Capitals,,6.0,187.0,win,League,2015,Wickets
829803,2015,6,Chandigarh,2015-05-13,Indian Premier League,50.0,male,T20,T20,20,2015,club,"Punjab Cricket Association Stadium, Mohali",Royal Challengers Bangalore,Punjab Kings,Royal Challengers Bangalore,field,Punjab Kings,22.0,,70.0,win,League,2015,Runs
829805,2015,6,Mumbai,2015-05-14,Indian Premier League,51.0,male,T20,T20,20,2015,club,Wankhede Stadium,Kolkata Knight Riders,Mumbai Indians,Kolkata Knight Riders,field,Mumbai Indians,5.0,,30.0,win,League,2015,Runs
829807,2015,6,Hyderabad,2015-05-15,Indian Premier League,52.0,male,T20,T20,20,2015,club,"Rajiv Gandhi International Stadium, Uppal",Sunrisers Hyderabad,Sunrisers Hyderabad,Royal Challengers Bangalore,bat,Royal Challengers Bangalore,,6.0,332.0,win,League,2015,Wickets
829809,2015,6,Chandigarh,2015-05-16,Indian Premier League,53.0,male,T20,T20,20,2015,club,"Punjab Cricket Association Stadium, Mohali",Punjab Kings,Punjab Kings,Chennai Super Kings,bat,Chennai Super Kings,,7.0,172.0,win,League,2015,Wickets
829811,2015,6,Mumbai,2015-05-16,Indian Premier League,54.0,male,T20,T20,20,2015,club,Brabourne Stadium,Rajasthan Royals,Rajasthan Royals,Kolkata Knight Riders,bat,Rajasthan Royals,9.0,,5.0,win,League,2015,Runs
829813,2015,6,Bangalore,2015-05-17,Indian Premier League,55.0,male,T20,T20,20,2015,club,M Chinnaswamy Stadium,Royal Challengers Bangalore,Royal Challengers Bangalore,Delhi Capitals,field,,,,,no result,League,2015,No Result / Tie
829815,2015,6,Hyderabad,2015-05-17,Indian Premier League,56.0,male,T20,T20,20,2015,club,"Rajiv Gandhi International Stadium, Uppal",Sunrisers Hyderabad,Sunrisers Hyderabad,Mumbai Indians,bat,Mumbai Indians,,9.0,32.0,win,League,2015,Wickets
829817,2015,6,Mumbai,2015-05-19,Indian Premier League,,male,T20,T20,20,2015,club,Wankhede Stadium,Mumbai Indians,Chennai Super Kings,Mumbai Indians,bat,Mumbai Indians,25.0,,29.0,win,League,2015,Runs
829819,2015,6,Pune,2015-05-20,Indian Premier League,,male,T20,T20,20,2015,club,Maharashtra Cricket Association Stadium,Royal Challengers Bangalore,Royal Challengers Bangalore,Rajasthan Royals,bat,Royal Challengers Bangalore,71.0,,245.0,win,League,2015,Runs
829821,2015,6,Ranchi,2015-05-22,Indian Premier League,,male,T20,T20,20,2015,club,JSCA International Stadium Complex,Chennai Super Kings,Chennai Super Kings,Royal Challengers Bangalore,field,Chennai Super Kings,,3.0,21.0,win,League,2015,Wickets
829823,2015,6,Kolkata,2015-05-24,Indian Premier League,,male,T20,T20,20,2015,club,Eden Gardens,Chennai Super Kings,Mumbai Indians,Chennai Super Kings,field,Mumbai Indians,41.0,,25.0,win,League,2015,Runs
980901,2016,6,Mumbai,2016-04-09,Indian Premier League,1.0,male,T20,T20,20,2016,club,Wankhede Stadium,Mumbai Indians,Mumbai Indians,Rising Pune Supergiant,bat,Rising Pune Supergiant,,9.0,34.0,win,League,2016,Wickets
980903,2016,6,Kolkata,2016-04-10,Indian Premier League,2.0,male,T20,T20,20,2016,club,Eden Gardens,Kolkata Knight Riders,Kolkata Knight Riders,Delhi Capitals,field,Kolkata Knight Riders,,9.0,1437.0,win,League,2016,Wickets
980905,2016,6,Chandigarh,2016-04-11,Indian Premier League,3.0,male,T20,T20,20,2016,club,"Punjab Cricket Association IS Bindra Stadium, Mohali",Gujarat Lions,Punjab Kings,Gujarat Lions,field,Gujarat Lions,,5.0,48.0,win,League,2016,Wickets
980907,2016,6,Bangalore,2016-04-12,Indian Premier League,4.0,male,T20,T20,20,2016,club,M Chinnaswamy Stadium,Sunrisers Hyderabad,Royal Challengers Bangalore,Sunrisers Hyderabad,field,Royal Challengers Bangalore,45.0,,245.0,win,League,2016,Runs
980909,2016,6,Kolkata,2016-04-13,Indian Premier League,5.0,male,T20,T20,20,2016,club,Eden Gardens,Mumbai Indians,Kolkata Knight Riders,Mumbai Indians,field,Mumbai Indians,,6.0,25.0,win,League,2016,Wickets
980911,2016,6,Rajkot,2016-04-14,Indian Premier League,6.0,male,T20,T20,20,2016,club,Saurashtra Cricket Association Stadium,Rising Pune Supergiant,Gujarat Lions,Rising Pune Supergiant,bat,Gujarat Lions,,7.0,48.0,win,League,2016,Wickets
980913,2016,6,Delhi,2016-04-15,Indian Premier League,7.0,male,T20,T20,20,2016,club,Feroz Shah Kotla,Delhi Capitals,Delhi Capitals,Punjab Kings,field,Delhi Capitals,,8.0,185.0,win,League,2016,Wickets
980915,2016,6,Hyderabad,2016-04-16,Indian Premier League,8.0,male,T20,T20,20,2016,club,"Rajiv Gandhi International Stadium, Uppal",Sunrisers Hyderabad,Sunrisers Hyderabad,Kolkata Knight Riders,bat,Kolkata Knight Riders,,8.0,56.0,win,League,2016,Wickets
980917,2016,6,Mumbai,2016-04-16,Indian Premier League,9.0,male,T20,T20,20,2016,club,Wankhede Stadium,Gujarat Lions,Mumbai Indians,Gujarat Lions,field,Gujarat Lions,,3.0,48.0,win,League,2016,Wickets
980919,2016,6,Chandigarh,2016-04-17,Indian Premier League,10.0,male,T20,T20,20,2016,club,"Punjab Cricket Association IS Bindra Stadium, Mohali",Rising Pune Supergiant,Punjab Kings,Rising Pune Supergiant,bat,Punjab Kings,,6.0,68.0,win,League,2016,Wickets
980921,2016,6,Bangalore,2016-04-17,Indian Premier League,11.0,male,T20,T20,20,2016,club,M Chinnaswamy Stadium,Delhi Capitals,Royal Challengers Bangalore,Delhi Capitals,field,Delhi Capitals,,7.0,1421.0,win,League,2016,Wickets
980923,2016,6,Hyderabad,2016-04-18,Indian Premier League,12.0,male,T20,T20,20,2016,club,"Rajiv Gandhi International Stadium, Uppal",Sunrisers Hyderabad,Sunrisers Hyderabad,Mumbai Indians,field,Sunrisers Hyderabad,,7.0,12.0,win,League,2016,Wickets
980925,2016,6,Chandigarh,2016-04-19,Indian Premier League,13.0,male,T20,T20,20,2016,club,"Punjab Cricket Association IS Bindra Stadium, Mohali",Kolkata Knight Riders,Punjab Kings,Kolkata Knight Riders,field,Kolkata Knight Riders,,6.0,58.0,win,League,2016,Wickets
980927,2016,6,Mumbai,2016-04-20,Indian Premier League,14.0,male,T20,T20,20,2016,club,Wankhede Stadium,Mumbai Indians,Mumbai Indians,Royal Challengers Bangalore,field,Mumbai Indians,,6.0,25.0,win,League,2016,Wickets
980929,2016,6,Rajkot,2016-04-21,Indian Premier League,15.0,male,T20,T20,20,2016,club,Saurashtra Cricket Association Stadium,Sunrisers Hyderabad,Gujarat Lions,Sunrisers Hyderabad,field,Sunrisers Hyderabad,,10.0,20.0,win,League,2016,Wickets
980931,2016,6,Pune,2016-04-22,Indian Premier League,16.0,male,T20,T20,20,2016,club,Maharashtra Cricket Association Stadium,Rising Pune Supergiant,Rising Pune Supergiant,Royal Challengers Bangalore,field,Royal Challengers Bangalore,13.0,,245.0,win,League,2016,Runs
980933,2016,6,Delhi,2016-04-23,Indian Premier League,17.0,male,T20,T20,20,2016,club,Feroz Shah Kotla,Mumbai Indians,Delhi Capitals,Mumbai Indians,field,Delhi Capitals,10.0,,180.0,win,League,2016,Runs
980935,2016,6,Hyderabad,2016-04-23,Indian Premier League,18.0,male,T20,T20,20,2016,club,"Rajiv Gandhi International Stadium, Uppal",Sunrisers Hyderabad,Sunrisers Hyderabad,Punjab Kings,field,Sunrisers Hyderabad,,5.0,297.0,win,League,2016,Wickets
980937,2016,6,Rajkot,2016-04-24,Indian Premier League,19.0,male,T20,T20,20,2016,club,Saurashtra Cricket Association Stadium,Royal Challengers Bangalore,Gujarat Lions,Royal Challengers Bangalore,bat,Gujarat Lions,,6.0,332.0,win,League,2016,Wickets
980939,2016,6,Pune,2016-04-24,Indian Premier League,20.0,male,T20,T20,20,2016,club,Maharashtra Cricket Association Stadium,Kolkata Knight Riders,Rising Pune Supergiant,Kolkata Knight Riders,field,Kolkata Knight Riders,,2.0,61.0,win,League,2016,Wickets
980941,2016,6,Chandigarh,2016-04-25,Indian Premier League,21.0,male,T20,T20,20,2016,club,"Punjab Cricket Association IS Bindra Stadium, Mohali",Punjab Kings,Punjab Kings,Mumbai Indians,field,Mumbai Indians,25.0,,23.0,win,League,2016,Runs
980943,2016,6,Hyderabad,2016-04-26,Indian Premier League,22.0,male,T20,T20,20,2016,club,"Rajiv Gandhi International Stadium, Uppal",Rising Pune Supergiant,Sunrisers Hyderabad,Rising Pune Supergiant,field,Rising Pune Supergiant,34.0,,43.0,win,League,2016,Runs
980945,2016,6,Delhi,2016-04-27,Indian Premier League,23.0,male,T20,T20,20,2016,club,Feroz Shah Kotla,Delhi Capitals,Delhi Capitals,Gujarat Lions,field,Gujarat Lions,1.0,,182.0,win,League,2016,Runs
980947,2016,6,Mumbai,2016-04-28,Indian Premier League,24.0,male,T20,T20,20,2016,club,Wankhede Stadium,Mumbai Indians,Mumbai Indians,Kolkata Knight Riders,field,Mumbai Indians,,6.0,25.0,win,League,2016,Wickets
980949,2016,6,Pune,2016-04-29,Indian Premier League,25.0,male,T20,T20,20,2016,club,Maharashtra Cricket Association Stadium,Gujarat Lions,Rising Pune Supergiant,Gujarat Lions,field,Gujarat Lions,,3.0,50.0,win,League,2016,Wickets
980951,2016,6,Delhi,2016-04-30,Indian Premier League,26.0,male,T20,T20,20,2016,club,Feroz Shah Kotla,Kolkata Knight Riders,Delhi Capitals,Kolkata Knight Riders,field,Delhi Capitals,27.0,,183.0,win,League,2016,Runs
980953,2016,6,Hyderabad,2016-04-30,Indian Premier League,27.0,male,T20,T20,20,2016,club,"Rajiv Gandhi International Stadium, Uppal",Royal Challengers Bangalore,Sunrisers Hyderabad,Royal Challengers Bangalore,field,Sunrisers Hyderabad,15.0,,12.0,win,League,2016,Runs
980955,2016,6,Rajkot,2016-05-01,Indian Premier League,28.0,male,T20,T20,20,2016,club,Saurashtra Cricket Association Stadium,Gujarat Lions,Gujarat Lions,Punjab Kings,field,Punjab Kings,23.0,,70.0,win,League,2016,Runs
980957,2016,6,Pune,2016-05-01,Indian Premier League,29.0,male,T20,T20,20,2016,club,Maharashtra Cricket Association Stadium,Mumbai Indians,Rising Pune Supergiant,Mumbai Indians,field,Mumbai Indians,,8.0,25.0,win,League,2016,Wickets
980959,2016,6,Bangalore,2016-05-02,Indian Premier League,30.0,male,T20,T20,20,2016,club,M Chinnaswamy Stadium,Kolkata Knight Riders,Royal Challengers Bangalore,Kolkata Knight Riders,field,Kolkata Knight Riders,,5.0,1437.0,win,League,2016,Wickets
980961,2016,6,Rajkot,2016-05-03,Indian Premier League,31.0,male,T20,T20,20,2016,club,Saurashtra Cricket Association Stadium,Delhi Capitals,Gujarat Lions,Delhi Capitals,field,Delhi Capitals,,8.0,181.0,win,League,2016,Wickets
980963,2016,6,Kolkata,2016-05-04,Indian Premier League,32.0,male,T20,T20,20,2016,club,Eden Gardens,Punjab Kings,Kolkata Knight Riders,Punjab Kings,field,Kolkata Knight Riders,7.0,,1437.0,win,League,2016,Runs
980965,2016,6,Delhi,2016-05-05,Indian Premier League,33.0,male,T20,T20,20,2016,club,Feroz Shah Kotla,Rising Pune Supergiant,Delhi Capitals,Rising Pune Supergiant,field,Rising Pune Supergiant,,7.0,34.0,win,League,2016,Wickets
980967,2016,6,Hyderabad,2016-05-06,Indian Premier League,34.0,male,T20,T20,20,2016,club,"Rajiv Gandhi International Stadium, Uppal",Sunrisers Hyderabad,Sunrisers Hyderabad,Gujarat Lions,field,Sunrisers Hyderabad,,5.0,20.0,win,League,2016,Wickets
980969,2016,6,Bangalore,2016-05-07,Indian Premier League,35.0,male,T20,T20,20,2016,club,M Chinnaswamy Stadium,Royal Challengers Bangalore,Royal Challengers Bangalore,Rising Pune Supergiant,field,Royal Challengers Bangalore,,7.0,332.0,win,League,2016,Wickets
980971,2016,6,Chandigarh,2016-05-07,Indian Premier League,36.0,male,T20,T20,20,2016,club,"Punjab Cricket Association IS Bindra Stadium, Mohali",Delhi Capitals,Punjab Kings,Delhi Capitals,field,Punjab Kings,9.0,,73.0,win,League,2016,Runs
980973,2016,6,Visakhapatnam,2016-05-08,Indian Premier League,37.0,male,T20,T20,20,2016,club,Dr. Y.S. Rajasekhara Reddy ACA-VDCA Cricket Stadium,Mumbai Indians,Mumbai Indians,Sunrisers Hyderabad,field,Sunrisers Hyderabad,85.0,,21.0,win,League,2016,Runs
980975,2016,6,Kolkata,2016-05-08,Indian Premier League,38.0,male,T20,T20,20,2016,club,Eden Gardens,Gujarat Lions,Kolkata Knight Riders,Gujarat Lions,field,Gujarat Lions,,5.0,52.0,win,League,2016,Wickets
980977,2016,6,Chandigarh,2016-05-09,Indian Premier League,39.0,male,T20,T20,20,2016,club,"Punjab Cricket Association IS Bindra Stadium, Mohali",Punjab Kings,Punjab Kings,Royal Challengers Bangalore,field,Royal Challengers Bangalore,1.0,,5.0,win,League,2016,Runs
1473446,2025,6,Ahmedabad,2025-03-29,Indian Premier League,9.0,male,T20,T20,20,2025,club,"Narendra Modi Stadium, Ahmedabad",Mumbai Indians,Gujarat Titans,Mumbai Indians,field,Gujarat Titans,36.0,,2188.0,win,League,2025,Runs
980979,2016,6,Visakhapatnam,2016-05-10,Indian Premier League,40.0,male,T20,T20,20,2016,club,Dr. Y.S. Rajasekhara Reddy ACA-VDCA Cricket Stadium,Sunrisers Hyderabad,Rising Pune Supergiant,Sunrisers Hyderabad,bat,Sunrisers Hyderabad,4.0,,42.0,win,League,2016,Runs
980981,2016,6,Bangalore,2016-05-11,Indian Premier League,41.0,male,T20,T20,20,2016,club,M Chinnaswamy Stadium,Mumbai Indians,Royal Challengers Bangalore,Mumbai Indians,field,Mumbai Indians,,6.0,28.0,win,League,2016,Wickets
980983,2016,6,Hyderabad,2016-05-12,Indian Premier League,42.0,male,T20,T20,20,2016,club,"Rajiv Gandhi International Stadium, Uppal",Delhi Capitals,Sunrisers Hyderabad,Delhi Capitals,field,Delhi Capitals,,7.0,182.0,win,League,2016,Wickets
980985,2016,6,Visakhapatnam,2016-05-13,Indian Premier League,43.0,male,T20,T20,20,2016,club,Dr. Y.S. Rajasekhara Reddy ACA-VDCA Cricket Stadium,Mumbai Indians,Mumbai Indians,Punjab Kings,bat,Punjab Kings,,7.0,73.0,win,League,2016,Wickets
980987,2016,6,Bangalore,2016-05-14,Indian Premier League,44.0,male,T20,T20,20,2016,club,M Chinnaswamy Stadium,Gujarat Lions,Royal Challengers Bangalore,Gujarat Lions,field,Royal Challengers Bangalore,144.0,,245.0,win,League,2016,Runs
980989,2016,6,Kolkata,2016-05-14,Indian Premier League,45.0,male,T20,T20,20,2016,club,Eden Gardens,Rising Pune Supergiant,Kolkata Knight Riders,Rising Pune Supergiant,bat,Kolkata Knight Riders,,8.0,60.0,win,League,2016,Wickets
980991,2016,6,Chandigarh,2016-05-15,Indian Premier League,46.0,male,T20,T20,20,2016,club,"Punjab Cricket Association IS Bindra Stadium, Mohali",Punjab Kings,Punjab Kings,Sunrisers Hyderabad,bat,Sunrisers Hyderabad,,7.0,67.0,win,League,2016,Wickets
980993,2016,6,Visakhapatnam,2016-05-15,Indian Premier League,47.0,male,T20,T20,20,2016,club,Dr. Y.S. Rajasekhara Reddy ACA-VDCA Cricket Stadium,Delhi Capitals,Mumbai Indians,Delhi Capitals,field,Mumbai Indians,80.0,,28.0,win,League,2016,Runs
980995,2016,6,Kolkata,2016-05-16,Indian Premier League,48.0,male,T20,T20,20,2016,club,Eden Gardens,Royal Challengers Bangalore,Kolkata Knight Riders,Royal Challengers Bangalore,field,Royal Challengers Bangalore,,9.0,332.0,win,League,2016,Wickets
980997,2016,6,Visakhapatnam,2016-05-17,Indian Premier League,49.0,male,T20,T20,20,2016,club,Dr. Y.S. Rajasekhara Reddy ACA-VDCA Cricket Stadium,Rising Pune Supergiant,Rising Pune Supergiant,Delhi Capitals,field,Rising Pune Supergiant,19.0,,43.0,win,League,2016,Runs
980999,2016,6,Bangalore,2016-05-18,Indian Premier League,50.0,male,T20,T20,20,2016,club,M Chinnaswamy Stadium,Punjab Kings,Royal Challengers Bangalore,Punjab Kings,field,Royal Challengers Bangalore,82.0,,332.0,win,League,2016,Runs
981001,2016,6,Kanpur,2016-05-19,Indian Premier League,51.0,male,T20,T20,20,2016,club,Green Park,Gujarat Lions,Gujarat Lions,Kolkata Knight Riders,field,Gujarat Lions,,6.0,50.0,win,League,2016,Wickets
981003,2016,6,Raipur,2016-05-20,Indian Premier League,52.0,male,T20,T20,20,2016,club,Shaheed Veer Narayan Singh International Stadium,Delhi Capitals,Delhi Capitals,Sunrisers Hyderabad,field,Delhi Capitals,,6.0,179.0,win,League,2016,Wickets
981005,2016,6,Visakhapatnam,2016-05-21,Indian Premier League,53.0,male,T20,T20,20,2016,club,Dr. Y.S. Rajasekhara Reddy ACA-VDCA Cricket Stadium,Punjab Kings,Rising Pune Supergiant,Punjab Kings,bat,Rising Pune Supergiant,,4.0,38.0,win,League,2016,Wickets
981007,2016,6,Kanpur,2016-05-21,Indian Premier League,54.0,male,T20,T20,20,2016,club,Green Park,Gujarat Lions,Gujarat Lions,Mumbai Indians,field,Gujarat Lions,,6.0,47.0,win,League,2016,Wickets
981009,2016,6,Kolkata,2016-05-22,Indian Premier League,55.0,male,T20,T20,20,2016,club,Eden Gardens,Sunrisers Hyderabad,Kolkata Knight Riders,Sunrisers Hyderabad,field,Kolkata Knight Riders,22.0,,60.0,win,League,2016,Runs
981011,2016,6,Raipur,2016-05-22,Indian Premier League,56.0,male,T20,T20,20,2016,club,Shaheed Veer Narayan Singh International Stadium,Royal Challengers Bangalore,Delhi Capitals,Royal Challengers Bangalore,field,Royal Challengers Bangalore,,6.0,332.0,win,League,2016,Wickets
981013,2016,6,Bangalore,2016-05-24,Indian Premier League,,male,T20,T20,20,2016,club,M Chinnaswamy Stadium,Royal Challengers Bangalore,Gujarat Lions,Royal Challengers Bangalore,field,Royal Challengers Bangalore,,4.0,245.0,win,League,2016,Wickets
981015,2016,6,Delhi,2016-05-25,Indian Premier League,,male,T20,T20,20,2016,club,Feroz Shah Kotla,Kolkata Knight Riders,Sunrisers Hyderabad,Kolkata Knight Riders,field,Sunrisers Hyderabad,22.0,,14.0,win,League,2016,Runs
981017,2016,6,Delhi,2016-05-27,Indian Premier League,,male,T20,T20,20,2016,club,Feroz Shah Kotla,Sunrisers Hyderabad,Gujarat Lions,Sunrisers Hyderabad,field,Sunrisers Hyderabad,,4.0,12.0,win,League,2016,Wickets
981019,2016,6,Bangalore,2016-05-29,Indian Premier League,,male,T20,T20,20,2016,club,M Chinnaswamy Stadium,Sunrisers Hyderabad,Royal Challengers Bangalore,Sunrisers Hyderabad,bat,Sunrisers Hyderabad,8.0,,17.0,win,League,2016,Runs
1473447,2025,6,Visakhapatnam,2025-03-30,Indian Premier League,10.0,male,T20,T20,20,2025,club,"Dr. Y.S. Rajasekhara Reddy ACA-VDCA Cricket Stadium, Visakhapatnam",Sunrisers Hyderabad,Sunrisers Hyderabad,Delhi Capitals,bat,Delhi Capitals,,7.0,10109.0,win,League,2025,Wickets
1473448,2025,6,Guwahati,2025-03-30,Indian Premier League,11.0,male,T20,T20,20,2025,club,"Barsapara Cricket Stadium, Guwahati",Chennai Super Kings,Rajasthan Royals,Chennai Super Kings,field,Rajasthan Royals,6.0,,26.0,win,League,2025,Runs
1473449,2025,6,Mumbai,2025-03-31,Indian Premier League,12.0,male,T20,T20,20,2025,club,"Wankhede Stadium, Mumbai",Mumbai Indians,Kolkata Knight Riders,Mumbai Indians,field,Mumbai Indians,,8.0,41785.0,win,League,2025,Wickets
1473450,2025,6,Lucknow,2025-04-01,Indian Premier League,13.0,male,T20,T20,20,2025,club,"Bharat Ratna Shri Atal Bihari Vajpayee Ekana Cricket Stadium, Lucknow",Punjab Kings,Lucknow Super Giants,Punjab Kings,field,Punjab Kings,,8.0,3747.0,win,League,2025,Wickets
1473451,2025,6,Bengaluru,2025-04-02,Indian Premier League,14.0,male,T20,T20,20,2025,club,"M Chinnaswamy Stadium, Bengaluru",Gujarat Titans,Royal Challengers Bangalore,Gujarat Titans,field,Gujarat Titans,,8.0,538.0,win,League,2025,Wickets
1473452,2025,6,Kolkata,2025-04-03,Indian Premier League,15.0,male,T20,T20,20,2025,club,"Eden Gardens, Kolkata",Sunrisers Hyderabad,Kolkata Knight Riders,Sunrisers Hyderabad,field,Kolkata Knight Riders,80.0,,6885.0,win,League,2025,Runs
1473453,2025,6,Lucknow,2025-04-04,Indian Premier League,16.0,male,T20,T20,20,2025,club,"Bharat Ratna Shri Atal Bihari Vajpayee Ekana Cricket Stadium, Lucknow",Mumbai Indians,Lucknow Super Giants,Mumbai Indians,field,Lucknow Super Giants,12.0,,11833.0,win,League,2025,Runs
1473454,2025,6,Chennai,2025-04-05,Indian Premier League,17.0,male,T20,T20,20,2025,club,"MA Chidambaram Stadium, Chepauk, Chennai",Delhi Capitals,Delhi Capitals,Chennai Super Kings,bat,Delhi Capitals,25.0,,1409.0,win,League,2025,Runs
1473455,2025,6,Mohali,2025-04-05,Indian Premier League,18.0,male,T20,T20,20,2025,club,"Maharaja Yadavindra Singh International Cricket Stadium, Mullanpur",Punjab Kings,Rajasthan Royals,Punjab Kings,field,Rajasthan Royals,50.0,,1833.0,win,League,2025,Runs
1473456,2025,6,Kolkata,2025-04-08,Indian Premier League,21.0,male,T20,T20,20,2025,club,"Eden Gardens, Kolkata",Kolkata Knight Riders,Lucknow Super Giants,Kolkata Knight Riders,field,Lucknow Super Giants,4.0,,2766.0,win,League,2025,Runs
1473457,2025,6,Hyderabad,2025-04-06,Indian Premier League,19.0,male,T20,T20,20,2025,club,"Rajiv Gandhi International Stadium, Uppal, Hyderabad",Gujarat Titans,Sunrisers Hyderabad,Gujarat Titans,field,Gujarat Titans,,7.0,538.0,win,League,2025,Wickets
1473458,2025,6,Mumbai,2025-04-07,Indian Premier League,20.0,male,T20,T20,20,2025,club,"Wankhede Stadium, Mumbai",Mumbai Indians,Royal Challengers Bangalore,Mumbai Indians,field,Royal Challengers Bangalore,12.0,,5349.0,win,League,2025,Runs
1473459,2025,6,Mohali,2025-04-08,Indian Premier League,22.0,male,T20,T20,20,2025,club,"Maharaja Yadavindra Singh International Cricket Stadium, Mullanpur",Punjab Kings,Punjab Kings,Chennai Super Kings,bat,Punjab Kings,18.0,,11847.0,win,League,2025,Runs
1473460,2025,6,Ahmedabad,2025-04-09,Indian Premier League,23.0,male,T20,T20,20,2025,club,"Narendra Modi Stadium, Ahmedabad",Rajasthan Royals,Gujarat Titans,Rajasthan Royals,field,Gujarat Titans,58.0,,6999.0,win,League,2025,Runs
1473461,2025,6,Bengaluru,2025-04-10,Indian Premier League,24.0,male,T20,T20,20,2025,club,"M Chinnaswamy Stadium, Bengaluru",Delhi Capitals,Royal Challengers Bangalore,Delhi Capitals,field,Delhi Capitals,,6.0,1409.0,win,League,2025,Wickets
1473462,2025,6,Chennai,2025-04-11,Indian Premier League,25.0,male,T20,T20,20,2025,club,"MA Chidambaram Stadium, Chepauk, Chennai",Kolkata Knight Riders,Chennai Super Kings,Kolkata Knight Riders,field,Kolkata Knight Riders,,8.0,65.0,win,League,2025,Wickets
1473463,2025,6,Lucknow,2025-04-12,Indian Premier League,26.0,male,T20,T20,20,2025,club,"Bharat Ratna Shri Atal Bihari Vajpayee Ekana Cricket Stadium, Lucknow",Lucknow Super Giants,Gujarat Titans,Lucknow Super Giants,field,Lucknow Super Giants,,6.0,6054.0,win,League,2025,Wickets
1473464,2025,6,Hyderabad,2025-04-12,Indian Premier League,27.0,male,T20,T20,20,2025,club,"Rajiv Gandhi International Stadium, Uppal, Hyderabad",Punjab Kings,Punjab Kings,Sunrisers Hyderabad,bat,Sunrisers Hyderabad,,8.0,2349.0,win,League,2025,Wickets
1473465,2025,6,Jaipur,2025-04-13,Indian Premier League,28.0,male,T20,T20,20,2025,club,"Sawai Mansingh Stadium, Jaipur",Royal Challengers Bangalore,Rajasthan Royals,Royal Challengers Bangalore,field,Royal Challengers Bangalore,,9.0,8945.0,win,League,2025,Wickets
1473466,2025,6,Delhi,2025-04-13,Indian Premier League,29.0,male,T20,T20,20,2025,club,"Arun Jaitley Stadium, Delhi",Delhi Capitals,Mumbai Indians,Delhi Capitals,field,Mumbai Indians,12.0,,676.0,win,League,2025,Runs
1473467,2025,6,Lucknow,2025-04-14,Indian Premier League,30.0,male,T20,T20,20,2025,club,"Bharat Ratna Shri Atal Bihari Vajpayee Ekana Cricket Stadium, Lucknow",Chennai Super Kings,Lucknow Super Giants,Chennai Super Kings,field,Chennai Super Kings,,5.0,38.0,win,League,2025,Wickets
1473468,2025,6,Mohali,2025-04-15,Indian Premier League,31.0,male,T20,T20,20,2025,club,"Maharaja Yadavindra Singh International Cricket Stadium, Mullanpur",Punjab Kings,Punjab Kings,Kolkata Knight Riders,bat,Punjab Kings,16.0,,10.0,win,League,2025,Runs
1473469,2025,6,Delhi,2025-04-16,Indian Premier League,32.0,male,T20,T20,20,2025,club,"Arun Jaitley Stadium, Delhi",Rajasthan Royals,Delhi Capitals,Rajasthan Royals,field,Delhi Capitals,,,10109.0,tie,League,2025,No Result / Tie
1473470,2025,6,Mumbai,2025-04-17,Indian Premier League,33.0,male,T20,T20,20,2025,club,"Wankhede Stadium, Mumbai",Mumbai Indians,Sunrisers Hyderabad,Mumbai Indians,field,Mumbai Indians,,4.0,10630.0,win,League,2025,Wickets
1473471,2025,6,Bengaluru,2025-04-18,Indian Premier League,34.0,male,T20,T20,20,2025,club,"M Chinnaswamy Stadium, Bengaluru",Punjab Kings,Royal Challengers Bangalore,Punjab Kings,field,Punjab Kings,,5.0,6550.0,win,League,2025,Wickets
1473472,2025,6,Ahmedabad,2025-04-19,Indian Premier League,35.0,male,T20,T20,20,2025,club,"Narendra Modi Stadium, Ahmedabad",Gujarat Titans,Delhi Capitals,Gujarat Titans,field,Gujarat Titans,,7.0,24.0,win,League,2025,Wickets
1473473,2025,6,Jaipur,2025-04-19,Indian Premier League,36.0,male,T20,T20,20,2025,club,"Sawai Mansingh Stadium, Jaipur",Lucknow Super Giants,Lucknow Super Giants,Rajasthan Royals,bat,Lucknow Super Giants,2.0,,1286.0,win,League,2025,Runs
1473474,2025,6,Mohali,2025-04-20,Indian Premier League,37.0,male,T20,T20,20,2025,club,"Maharaja Yadavindra Singh International Cricket Stadium, Mullanpur",Royal Challengers Bangalore,Punjab Kings,Royal Challengers Bangalore,field,Royal Challengers Bangalore,,7.0,332.0,win,League,2025,Wickets
1473475,2025,6,Mumbai,2025-04-20,Indian Premier League,38.0,male,T20,T20,20,2025,club,"Wankhede Stadium, Mumbai",Mumbai Indians,Chennai Super Kings,Mumbai Indians,field,Mumbai Indians,,9.0,25.0,win,League,2025,Wickets
1473476,2025,6,Kolkata,2025-04-21,Indian Premier League,39.0,male,T20,T20,20,2025,club,"Eden Gardens, Kolkata",Kolkata Knight Riders,Gujarat Titans,Kolkata Knight Riders,field,Gujarat Titans,39.0,,1580.0,win,League,2025,Runs
1473477,2025,6,Lucknow,2025-04-22,Indian Premier League,40.0,male,T20,T20,20,2025,club,"Bharat Ratna Shri Atal Bihari Vajpayee Ekana Cricket Stadium, Lucknow",Delhi Capitals,Lucknow Super Giants,Delhi Capitals,field,Delhi Capitals,,8.0,8355.0,win,League,2025,Wickets
1473478,2025,6,Hyderabad,2025-04-23,Indian Premier League,41.0,male,T20,T20,20,2025,club,"Rajiv Gandhi International Stadium, Uppal, Hyderabad",Mumbai Indians,Sunrisers Hyderabad,Mumbai Indians,field,Mumbai Indians,,7.0,66.0,win,League,2025,Wickets
1473479,2025,6,Bengaluru,2025-04-24,Indian Premier League,42.0,male,T20,T20,20,2025,club,"M Chinnaswamy Stadium, Bengaluru",Rajasthan Royals,Royal Challengers Bangalore,Rajasthan Royals,field,Royal Challengers Bangalore,11.0,,4664.0,win,League,2025,Runs
1473480,2025,6,Chennai,2025-04-25,Indian Premier League,43.0,male,T20,T20,20,2025,club,"MA Chidambaram Stadium, Chepauk, Chennai",Sunrisers Hyderabad,Chennai Super Kings,Sunrisers Hyderabad,field,Sunrisers Hyderabad,,5.0,1285.0,win,League,2025,Wickets
1473481,2025,6,Kolkata,2025-04-26,Indian Premier League,44.0,male,T20,T20,20,2025,club,"Eden Gardens, Kolkata",Punjab Kings,Punjab Kings,Kolkata Knight Riders,bat,,,,,no result,League,2025,No Result / Tie
1473482,2025,6,Mumbai,2025-04-27,Indian Premier League,45.0,male,T20,T20,20,2025,club,"Wankhede Stadium, Mumbai",Lucknow Super Giants,Mumbai Indians,Lucknow Super Giants,field,Mumbai Indians,54.0,,10630.0,win,League,2025,Runs
1473483,2025,6,Delhi,2025-04-27,Indian Premier League,46.0,male,T20,T20,20,2025,club,"Arun Jaitley Stadium, Delhi",Royal Challengers Bangalore,Delhi Capitals,Royal Challengers Bangalore,field,Royal Challengers Bangalore,,6.0,28.0,win,League,2025,Wickets
1473484,2025,6,Jaipur,2025-04-28,Indian Premier League,47.0,male,T20,T20,20,2025,club,"Sawai Mansingh Stadium, Jaipur",Rajasthan Royals,Gujarat Titans,Rajasthan Royals,field,Rajasthan Royals,,8.0,42566.0,win,League,2025,Wickets
1473485,2025,6,Delhi,2025-04-29,Indian Premier League,48.0,male,T20,T20,20,2025,club,"Arun Jaitley Stadium, Delhi",Delhi Capitals,Kolkata Knight Riders,Delhi Capitals,field,Kolkata Knight Riders,14.0,,65.0,win,League,2025,Runs
1473486,2025,6,Chennai,2025-04-30,Indian Premier League,49.0,male,T20,T20,20,2025,club,"MA Chidambaram Stadium, Chepauk, Chennai",Punjab Kings,Chennai Super Kings,Punjab Kings,field,Punjab Kings,,4.0,389.0,win,League,2025,Wickets
1473487,2025,6,Jaipur,2025-05-01,Indian Premier League,50.0,male,T20,T20,20,2025,club,"Sawai Mansingh Stadium, Jaipur",Rajasthan Royals,Mumbai Indians,Rajasthan Royals,field,Mumbai Indians,100.0,,11801.0,win,League,2025,Runs
1473488,2025,6,Ahmedabad,2025-05-02,Indian Premier League,51.0,male,T20,T20,20,2025,club,"Narendra Modi Stadium, Ahmedabad",Sunrisers Hyderabad,Gujarat Titans,Sunrisers Hyderabad,field,Gujarat Titans,38.0,,2188.0,win,League,2025,Runs
1473489,2025,6,Bengaluru,2025-05-03,Indian Premier League,52.0,male,T20,T20,20,2025,club,"M Chinnaswamy Stadium, Bengaluru",Chennai Super Kings,Royal Challengers Bangalore,Chennai Super Kings,field,Royal Challengers Bangalore,2.0,,6761.0,win,League,2025,Runs
1473490,2025,6,Kolkata,2025-05-04,Indian Premier League,53.0,male,T20,T20,20,2025,club,"Eden Gardens, Kolkata",Kolkata Knight Riders,Kolkata Knight Riders,Rajasthan Royals,bat,Kolkata Knight Riders,1.0,,1437.0,win,League,2025,Runs
1473491,2025,6,Dharamsala,2025-05-04,Indian Premier League,54.0,male,T20,T20,20,2025,club,"Himachal Pradesh Cricket Association Stadium, Dharamsala",Lucknow Super Giants,Punjab Kings,Lucknow Super Giants,field,Punjab Kings,37.0,,3747.0,win,League,2025,Runs
1473492,2025,6,Hyderabad,2025-05-05,Indian Premier League,55.0,male,T20,T20,20,2025,club,"Rajiv Gandhi International Stadium, Uppal, Hyderabad",Sunrisers Hyderabad,Delhi Capitals,Sunrisers Hyderabad,field,,,,,no result,League,2025,No Result / Tie
1473493,2025,6,Mumbai,2025-05-06,Indian Premier League,56.0,male,T20,T20,20,2025,club,"Wankhede Stadium, Mumbai",Gujarat Titans,Mumbai Indians,Gujarat Titans,field,Gujarat Titans,,3.0,1580.0,win,League,2025,Wickets
1473494,2025,6,Kolkata,2025-05-07,Indian Premier League,57.0,male,T20,T20,20,2025,club,"Eden Gardens, Kolkata",Kolkata Knight Riders,Kolkata Knight Riders,Chennai Super Kings,bat,Chennai Super Kings,,2.0,8809.0,win,League,2025,Wickets
1473497,2025,6,Jaipur,2025-05-18,Indian Premier League,59.0,male,T20,T20,20,2025,club,"Sawai Mansingh Stadium, Jaipur",Punjab Kings,Punjab Kings,Rajasthan Royals,bat,Punjab Kings,10.0,,3495.0,win,League,2025,Runs
1473498,2025,6,Delhi,2025-05-18,Indian Premier League,60.0,male,T20,T20,20,2025,club,"Arun Jaitley Stadium, Delhi",Gujarat Titans,Delhi Capitals,Gujarat Titans,field,Gujarat Titans,,10.0,6999.0,win,League,2025,Wickets
1473499,2025,6,Lucknow,2025-05-19,Indian Premier League,61.0,male,T20,T20,20,2025,club,"Bharat Ratna Shri Atal Bihari Vajpayee Ekana Cricket Stadium, Lucknow",Sunrisers Hyderabad,Lucknow Super Giants,Sunrisers Hyderabad,field,Sunrisers Hyderabad,,6.0,2349.0,win,League,2025,Wickets
1473500,2025,6,Delhi,2025-05-20,Indian Premier League,62.0,male,T20,T20,20,2025,club,"Arun Jaitley Stadium, Delhi",Rajasthan Royals,Chennai Super Kings,Rajasthan Royals,field,Rajasthan Royals,,6.0,9371.0,win,League,2025,Wickets
1473501,2025,6,Mumbai,2025-05-21,Indian Premier League,63.0,male,T20,T20,20,2025,club,"Wankhede Stadium, Mumbai",Delhi Capitals,Mumbai Indians,Delhi Capitals,field,Mumbai Indians,59.0,,61.0,win,League,2025,Runs
1473502,2025,6,Ahmedabad,2025-05-22,Indian Premier League,64.0,male,T20,T20,20,2025,club,"Narendra Modi Stadium, Ahmedabad",Gujarat Titans,Lucknow Super Giants,Gujarat Titans,field,Lucknow Super Giants,33.0,,4960.0,win,League,2025,Runs
1473503,2025,6,Lucknow,2025-05-23,Indian Premier League,65.0,male,T20,T20,20,2025,club,"Bharat Ratna Shri Atal Bihari Vajpayee Ekana Cricket Stadium, Lucknow",Royal Challengers Bangalore,Sunrisers Hyderabad,Royal Challengers Bangalore,field,Sunrisers Hyderabad,42.0,,347.0,win,League,2025,Runs
1473504,2025,6,Ahmedabad,2025-05-25,Indian Premier League,67.0,male,T20,T20,20,2025,club,"Narendra Modi Stadium, Ahmedabad",Chennai Super Kings,Chennai Super Kings,Gujarat Titans,bat,Chennai Super Kings,83.0,,6944.0,win,League,2025,Runs
1473505,2025,6,Delhi,2025-05-25,Indian Premier League,68.0,male,T20,T20,20,2025,club,"Arun Jaitley Stadium, Delhi",Sunrisers Hyderabad,Sunrisers Hyderabad,Kolkata Knight Riders,bat,Sunrisers Hyderabad,110.0,,1740.0,win,League,2025,Runs
1473506,2025,6,Jaipur,2025-05-26,Indian Premier League,69.0,male,T20,T20,20,2025,club,"Sawai Mansingh Stadium, Jaipur",Punjab Kings,Mumbai Indians,Punjab Kings,field,Punjab Kings,,7.0,42220.0,win,League,2025,Wickets
1473507,2025,6,Lucknow,2025-05-27,Indian Premier League,70.0,male,T20,T20,20,2025,club,"Bharat Ratna Shri Atal Bihari Vajpayee Ekana Cricket Stadium, Lucknow",Royal Challengers Bangalore,Lucknow Super Giants,Royal Challengers Bangalore,field,Royal Challengers Bangalore,,6.0,6880.0,win,League,2025,Wickets
1473508,2025,6,New Chandigarh,2025-05-29,Indian Premier League,,male,Qualifier 1,T20,20,2025,club,"Maharaja Yadavindra Singh International Cricket Stadium, Mullanpur",Royal Challengers Bangalore,Punjab Kings,Royal Challengers Bangalore,field,Royal Challengers Bangalore,,8.0,8475.0,win,Qualifier 1,2025,Wickets
1473509,2025,6,New Chandigarh,2025-05-30,Indian Premier League,,male,Eliminator,T20,20,2025,club,"Maharaja Yadavindra Singh International Cricket Stadium, New Chandigarh",Mumbai Indians,Mumbai Indians,Gujarat Titans,bat,Mumbai Indians,20.0,,25.0,win,Eliminator,2025,Runs
1473510,2025,6,Ahmedabad,2025-06-01,Indian Premier League,,male,Qualifier 2,T20,20,2025,club,"Narendra Modi Stadium, Ahmedabad",Punjab Kings,Mumbai Indians,Punjab Kings,field,Punjab Kings,,5.0,389.0,win,Qualifier 2,2025,Wickets
1473511,2025,6,Ahmedabad,2025-06-03,Indian Premier League,,male,Final,T20,20,2025,club,"Narendra Modi Stadium, Ahmedabad",Punjab Kings,Royal Challengers Bangalore,Punjab Kings,field,Royal Challengers Bangalore,6.0,,28.0,win,Final,2025,Runs
1485779,2025,6,Jaipur,2025-05-24,Indian Premier League,66.0,male,T20,T20,20,2025,club,"Sawai Mansingh Stadium, Jaipur",Delhi Capitals,Punjab Kings,Delhi Capitals,field,Delhi Capitals,,6.0,10070.0,win,League,2025,Wickets
1589258,2025,6,Bengaluru,2025-05-17,Indian Premier League,71.0,male,T20,T20,20,2025,club,"M Chinnaswamy Stadium, Bengaluru",,Royal Challengers Bangalore,Kolkata Knight Riders,,,,,,no result,League,2025,No Result / Tie
